"8708","MB  (Catherine)","MB5.1/ 2,0GHz ICD/ 4GB/160GB/SD","Airport Extreme, Tasche, AppleCare3Jahre","120","f","1417","77","W8843YA1AQ","2008","1800"
"8755","MB (Ralf Neubauer)","2.0GHz,IntelCore2Duo,2GB667 DDR2/SDRAM,120GB-Festtplatte,Superdrive8x","Fernbedienung, Netzteil SNr RR905041525UA","95","f","0977","77","W89071HB43R","2009","1300"
"8427","Apple optical Mouse","Apple optical Mouse USB mit scroll/zu iMacInvNr:1092","\N","145","f","1157","72","\N","2006","ca 50,-"
"7379","iSight","Firewire autofocus video camera + microphone, 1/4 CCD Bildsensor 640/480 Pix","FW-Kabel, Tasche, Halterung","95","t","0297","67","W93305N0MZL","2003","\N"
"7814","Stichsaege","Bosch Stichsaege"," Sicherheits-Set","132","f","0649","76","\N","2004","\N"
"8579","ext HD LaCie 320GB","Ext. Harddrive, 320 GB, FW800, FW400, USB2","USB-Kabel, FW-Kabel6/6","95","f","1303","52","122480212443987QR","2008","240"
"8020","Shuttle (Fraese)","Shuttle, 3.2GHz, 1GB RAM, 80GB HD, WLAN, 128MB Geforce GK, COMBO,","xp","153","f","0817","50","0817","2005","1500"
"8661","Shuttle XPC","Shuttle XPC ModNr SB51G, Pentium4/2GB/80GB/3GHz/ComboRW/Floppy","WIN XP SP3, Grafikkarte ATI Radeon 8500DV, ","95","f","1359","50","B51G00311D03514","2005","\N"
"8888","Shuttle","Shuttle X, zu Lasercutter 0814","WIN XP, Illustrator10","127","f","0818","50","N4102204GA3THO","2004","\N"
"8890","Dell 17","Dell 17""","Stromkabel","127","f","0820","58","\N","2006","\N"
"7805","USB-Maus ","Microsoft USB-Maus mit Scrollrad, zu Lasercutter 0814","\N","127","f","0672","72","\N","2004","\N"
"8891","Dell Tastatur","zu Lasercutter 0814","\N","127","f","0821","72","\N","2006","\N"
"8892","Entfernungsmesser DLE 70","Digitaler Laser-Entfernungsmesser, max. Distanz 70 m","Guerteltasche, Manual","95","t","0760","76","988190239","2009","260"
"8446","500 GB LaCie HD FW+(Martin)","LaCie Hard Drive, FireWire400 mit ext. Netzteil, 500 GB","Netzteil, FW-Kabel, Manual (CD)","120","f","1172","52","SN: 1129704092242c5p","2007","230"
"7598","Sony DSR-PDX10P","3CCD DVCAM","Tasche, Micro Sony ECM-NV1+Kabel, Ladegeraet (0246), 3Akkus,USB-Kabel,  FireWire4/6-Kabel, AV-Kabel","95","t","0323","65","SN: 1211530","2002","\N"
"8897","SONY DVD/VHS Player RDR-VX420","DVD/VHS Recorder","Fernbedienung","95","t","0654","70","6021804","2009","350"
"8701","EPSON GT2000NPro","DIN-A-3 Scanner, ADF Duplex SCSI 2 / USB 2, Netzwerk;
2000x2400 dpi, IP: 10.194.194.241 Netzwerkname: BA14EP11015","Software, Dokumenteneinzug","144","f","1410","60","KGR0002713","2008","3500"
"8438","PROMAC Staubsauger","Leistungsstarker Industrie-Staubsauger. Beim nassaugen immer(!) den Patronenfilter und Staubbeutel rausnehmen!","Staubbeutel,Patronenfilter;div Aufsaetze","132","f","1167","76","\N","2007","350"
"8596","Strompruefer","Strompruefer","\N","95","f","1029","76","\N","2004","\N"
"8154","Guenter","Adapter PBG4 zu S-Video und Chinch","\N","95","f","0285","81","\N","2005","\N"
"7991","Minolta Autometer III","Belichtungsmesser","Tasche","95","t","0202","54","\N","2000","\N"
"7420","Dongle Logic Pro 7","Dongle Logic Pro 7","Logic Pro 7","95","t","0658","82","\N","2004","\N"
"7810","Dongle Logic Pro 7","Dongle Logic Pro 7","Logic Pro 7","120","f","0657","82","\N","2004","\N"
"8156","Marianne","Adapter PBG4 zu S-Video und Chinch","\N","95","f","0298","81","\N","2005","\N"
"7423","Dongle Logic Pro 7","Dongle Logic Pro 7","Logic Pro 7","95","t","0556","82","2P5041324RPU","2004","538"
"8273","VGA-Adapter zu iBook","VGA-Adapter zu iBook","\N","95","f","0306","81","\N","2002","\N"
"8510","Mini-DVI zu VGA  Adapter ","Mini-DVI zu VGA Adapter","\N","95","f","1219","81","\N","2007","40.-"
"7250","USB SERIAL ADAPTER","KEYSPAN USB SERIAL ADAPTER,","Treiber","95","f","0919","81","\N","2005","70"
"8599","Guenter","Adapter MB,iMac etc. zu S-Video und Chinch","\N","95","f","1319","81","\N","2008","\N"
"8511","Mini-DVI zu VGA  Adapter ","Mini-DVI zu VGA Adapter","\N","95","f","1237","81","\N","2007","40.-"
"8508","Mini-DVI zu VGA  Adapter ","Mini-DVI zu VGA Adapter","\N","95","f","1220","81","\N","2007","40.-"
"8601","Mini-DVI zu VGA ","Mini-DVI zu VGA Adapter fuer MB etc.","\N","95","f","1321","81","\N","2007","40.-"
"8651","MAX5 iLok 02","iLok fuer MAX/MSP/JITTER 5, Max 5 installieren, starten, authentifizieren via ilok, einstecken","iLok fuer MAX/MSP/JITTER 5, Max 5 installieren, starten, authentifizieren via ilok, einstecken","95","t","1362","82","0x000708D8","2008","500"
"8307","NPort 5610","Moxa NPort 5610, 16Port RS 232 device-server, translearn","\N","95","f","1037","59","\N","2006","\N"
"8690","MiniVGA  Adapter ","nur fuer PB 12, MacBook 13, iMac","\N","95","f","1148","81","\N","2007","40.-"
"8653","MAX5 iLok 04","iLok fuer MAX/MSP/JITTER 5, Max 5 installieren (www.cycling74.com), starten, authentifizieren via ilok, einstecken","iLok fuer MAX/MSP/JITTER 5, Max 5 installieren (www.cycling74.com), starten, authentifizieren via ilok, einstecken","95","t","1364","82","0x000708C8","2008","500"
"8656","MAX5 iLok 07","iLok fuer MAX/MSP/JITTER 5, Max 5 installieren (www.cycling74.com), starten, authentifizieren via ilok, einstecken","iLok fuer MAX/MSP/JITTER 5, Max 5 installieren (www.cycling74.com), starten, authentifizieren via ilok, einstecken","95","t","1367","82","0x000708A6","2008","500"
"8658","MAX5 iLok 09","iLok fuer MAX/MSP/JITTER 5, Max 5 installieren (www.cycling74.com), starten, authentifizieren via ilok, einstecken","iLok fuer MAX/MSP/JITTER 5, Max 5 installieren (www.cycling74.com), starten, authentifizieren via ilok, einstecken","95","t","1369","82","0x000708C0","2008","500"
"8659","MAX5 iLok 10","iLok fuer MAX/MSP/JITTER 5, Max 5 installieren (www.cycling74.com), starten, authentifizieren via ilok, einstecken","iLok fuer MAX/MSP/JITTER 5, Max 5 installieren (www.cycling74.com), starten, authentifizieren via ilok, einstecken","95","t","1370","82","0x000708EF","2008","500"
"8657","MAX5 iLok 08","iLok fuer MAX/MSP/JITTER 5, Max 5 installieren (www.cycling74.com), starten, authentifizieren via ilok, einstecken","iLok fuer MAX/MSP/JITTER 5, Max 5 installieren (www.cycling74.com), starten, authentifizieren via ilok, einstecken","95","t","1368","82","0x0007093D","2008","500"
"7830","MiniVGA  Adapter","Fuer Apple iBooks, iMac, eMac mit mini VGA-Ausgang","\N","95","f","0305","81","\N","2003","40.-"
"8855","Mini-DVI zu VGA Adapter","Mini-DVI zu VGA Adapter, fuer powerBook 12"", MacBook weiss/schwarz, MacMini (early 2009), iMac (bis 2008)","\N","95","t","0168","81","\N","2009","39"
"8857","Mini-DVI zu VGA Adapter","Mini-DVI zu VGA Adapter, fuer powerBook 12"", MacBook weiss/schwarz, MacMini (early 2009), iMac (bis 2008)","\N","95","t","0169","81","\N","2009","39"
"8858","Mini-DVI zu VGA Adapter","Mini-DVI zu VGA Adapter, fuer powerBook 12"", MacBook weiss/schwarz, MacMini (early 2009), iMac (bis 2008)","\N","95","t","0163","81","\N","2009","39"
"8864","LAMINATOR A3","A3 Laminiergeraet","Manual, hintere Ablage (Achtung, muss montiert und wieder demontiert werden, 175mic Folie Glossy (Bezug:multicom-ag.ch)","95","t","0172","76","0001045","2009","500"
"8639","DVI zu VGA Adapter","\N","\N","95","f","0798","81","\N","2008","25"
"8868","DVI zu VGA Adapter","\N","\N","95","f","0841","81","\N","2008","\N"
"7421","Lambda Fox RFA-3","Messgeraet RFA3, extrem heikel. Manual beachten! Messungen elektromagnetischer Stahlung ab 10 MHz bis 3.3 GHz (Handystrahlung etc.)","Manual, Ladestation, Tape mit Beispielen, Tannenbaum-Antenne, Stab-Antenne, Tasche","95","t","0813","76","05050580","2005","1298.75"
"8405","MiniVGA  Adapter ","nur fuer PB 12, MacBook 13, iMac","\N","95","f","1140","81","\N","2007","40.-"
"8903","ext HD LaCie 320GB","Ext. Harddrive, 320 GB, FW800, FW400, USB2","USB-Kabel, FW-Kabel6/6","95","f","1294","52","1203802131143QR","2008","240"
"8454","Cutie","Cutie, 80GB, ext. HD, FireWire400","Tasche","95","t","1179","52","CJC06450030","2007","99"
"8906","Nikkor Zoom Objektiv 16-85","Nikkor AF-S DS Nikkor, 16-85mm, f/3.5-5.6G IF-VR, zu Kameraset 0277","Objektivsack, Manual","95","f","0912","48","22121651","2009","650"
"8905","Nikkor Zoom Objektiv 70-300","Nikkor AF-S VR Zoom, 70-300mm, f/4.5-5.6 G IF-ED, zu Kameraset 0277","Objektivsack, Manual","95","f","0946","48","2518965","2009","650"
"8908","Nikon Speedlight SB-900","Nikon Speedlight SB-900,  34 ISO 100, zu Kameraset 0277","Tasche, Diffusor, Filter, Manual","95","f","0861","48","22121651","2009","500"
"7355","LaCie d2 DVDRW","CD/DVD-Brenner USB&FW, 16X, Double Layer Nur FW!","Netzteil, USB-Kabel, FW-Kabel","95","t","0871","52","451701591","2005","\N"
"8909","AKG B 29 L","Phantomspeisung fuer AKG Micro","\N","95","t","0875","55","\N","2009","70"
"8910","AKG B 29 L","Phantomspeisung fuer AKG Micro","\N","95","t","0876","55","\N","2009","70"
"8913","AKG B 29 L","Phantomspeisung fuer AKG Micro","\N","95","t","0883","55","\N","2009","70"
"7871","Steadycam","Handstativ, ermoeglicht ruhige Kamerafuehrung aus der freien Hand.","Tasche, Platte, Tischaufsatz, 2 Gewichthalter, 5 Gewichte","95","t","0188","61","\N","2000","\N"
"8296","HP Scanjet 4370","Flachbildscanner 3.600dpi,bis zu 3.600x7.200dpi Hardware-Aufloesung,48Bit,mit integriertem Durchsichtaufsatz fuer Dias und Negative","Netzkabel, Netzteil, USB-Kabel, Software","95","t","1030","60","CN64UA20TC","2006","CHF 132"
"7955","Sony MZ-R909","Minidisk Walkman","Kopfhoerer (earplugs)fehlen, Netzteil, Batterieadapter, Tasche, opt. Kabel, Mikrofon mit 3.5 mm Jack/Elektret-Kondensator/Stereo/100-15000 Hz/Impedanz 1 kOhm/90Grad /120Grad /1.5 V, 85 dB/110 dB","95","t","0004","42","\N","2000","\N"
"7676","Sony Minidisk Deck MDS-JE520","Sony Minidisk Deck MDS-JE520","\N","133","f","0686","42","1500944","0","\N"
"7357","Mischpult MX 602 A","Eurorack,2x Mono In (Mic/Line), 2x Stereo In, 3-Band EQ, 1x Aux Send, 1x Aux Return, 2-Track In/Out, Phantomspeisung, gehoert zu 1128","Netzteil, div Audiokabel","95","f","0075","40","SN: MO217585086","2000","\N"
"7449","Mischpult  MX 602 A","Eurorack,2x Mono In (Mic/Line), 2x Stereo In, 3-Band EQ, 1x Aux Send, 1x Aux Return, 2-Track In/Out, Phantomspeisung, zu 1129","Netzteil","95","f","0096","40","SN: MO217583086","2000","\N"
"7681","Spirit E6","Mischpult, fest installiert ","\N","95","t","0642","40","SN: RW5650EU010305","2004","231,90"
"8413","Spirit E6","Mischpult, im Audiorack","\N","95","f","0644","40","SN: RW5650EU010305","2004","231,90"
"8753","Lemur","12""Touchscreen Monitor","Netzteil, Stromkabel, gekreuztes Ethernetkabel, Software","95","t","0040","40","001427010388","2008","2500"
"7880","Monacor CCD","Waterproof Camera","CoAxKabel, Power Supply TVCCD-160 S, Staender","95","t","0194","67","\N","2000","\N"
"8688","JenCam-FCB-IX11APFG","2 Stueck: high-performance Sony FCB-IX colour block camera in JenCam Gehaeuse. Opt. Zoom 10fach, dig. Zoom 4fach, Sensor 1/4"", PAL","2 Netzteile, Manual","95","t","1396","67","\N","2007","\N"
"7573","Ghettoblaster","Ghettoblaster","\N","95","t","0703","42","\N","2000","\N"
"7879","FM/CD/Tape","Sony CD Radio Casetterecorder mit digitalem Out, gehoert in die Gaestewohnung","Fernbedienung","140","f","0211","42","\N","2003","180.-"
"7252","Pioneer  A-109 (Jail-Kursraum)","Stereo Amplifier, 2x40W/8Ohm (Jail-Kursraum)","\N","128","f","0736","42","DISI046905YY","2004","259"
"8350","Pioneer  A-109","Stereo Amplifier, 2x40W/8Ohm, SigTec","\N","104","f","1088","42","\N","2004","259"
"7797","Boss Mikromixer KM-04","Phantomspeisung fuer Mikrofone","\N","95","t","0691","55","\N","0","\N"
"7833","MacAlly FW Hub","FireWire Hub, Schnittplatz 2","\N","95","f","0589","59","\N","2003","\N"
"7866","Bluescreen","portabler Bluescreen","Tasche","95","t","0609","54","\N","2004","\N"
"8312","Apple Wireless Mouse","Apple Wireless Mouse, benoetigt Bluetooth ","\N","95","f","1043","72","\N","2006","73"
"8451","Audioset/Funkmikro","Audioset fuer Praesentation, Podiumsdiskussion usw. Nicht fuer Partys! Mono!","Powermixer, Tasche mit 2 Boxenstaender, 2Boxen, i-Mic (incl.Minijack+USB-Kabel), 4Funkmikrofone, Rack, Kabel","95","f","1174","42","\N","2007","2500"
"8689","Naehmaschine Singer 155","Naehmaschine","Fussschalter, Transportverpackung","95","f","1397","76","ZHV709302096","2008","260"
"8889","Lasercutter, gross","Lasercutter ModNr.: LG1200, Cutting Area 1200X800 mm, Manual an der Wand unbedingt beachten, Kuehlwasser unbedingt kontrollieren","Rechner 0818, Monitor 0820, Maus 0672, Tastatur 0821","127","t","0814","45","\N","2006","10000"
"7602","Toshiba 1550","Kopierer, kann nicht ausgeliehen werden","Stromkabel","109","f","0046","45","\N","2000","\N"
"8919","Lichtbildwand Starlux","grossse Lichtbildwaende s/w","Leinwand ohne Stativ","95","f","0916","44","\N","2006","150,-"
"8920","Lichtbildwand Starlux","grossse Lichtbildwaende s/w","Leinwand ohne Stativ","95","f","0975","44","\N","2006","150,-"
"8922","Lichtbildwand Starlux","grossse Lichtbildwaende s/w","Leinwand ohne Stativ","95","f","0976","44","\N","2006","150,-"
"8923","Lichtbildwand Starlux","grossse Lichtbildwaende s/w","Leinwand mit Stativ","95","f","0719","44","\N","2006","150,-"
"8925","Fotostativ Hama","mittleres Fotostativ 55 bis 155 cm, max 4 Kg","Tasche, Platte","95","t","0625","61","\N","2010","80"
"8928","Nikon ML-L3","Infrarot-Fernbedienung","Taeschli ","95","t","0629","48","\N","2009","50"
"7428","Mikrofon ECM-959","Stereo-Mikro","Windschutz,  MiniJack/Jack","95","t","0263","55","\N","2000","\N"
"8917","Lichtstativ","2 Stueck Lichtstative 70-200cm, 3/8 Gewinde, zu Aktivboxen Set (0247)","\N","95","f","0915","61","\N","2008","\N"
"8929","FAX","Brother Fax 2820","\N","144","f","0661","68","K9N194492","2010","350"
"8719","Apple optical Mouse","Apple optical Mouse USB mit scroll","\N","95","t","1427","72","\N","2008","ca 50,-"
"8717","Lichtstativ","Lichtstativ 70-240cm, 1.1kg Tragkraft, 3/8 Gewinde, ist bei Dedolight 0369","\N","95","f","1425","61","\N","2008","150"
"7772","dedolight aspherics2","12V Spot, mit Stativ InvNr. 1425 in Manfrotto Stativtasche","Dimmer, Stativ InvNr. 1425, Stativtasche","95","t","0369","54","\N","2003","\N"
"7938","3Com dualspeed Switch","16 Hub","Netzteil","95","f","0115","59","\N","2000","\N"
"8931","USB2 HD 500GB","LaCie Petit USB2 HD 500GB","USB-Kabel","95","f","0631","52","12901002055067K","2010","100"
"8935","USB2 HD 500GB","LaCie Petit USB2 HD 500GB","USB-Kabel","95","f","0645","52","12901002052336K","2010","100"
"8662","HPCLJ5550 Schaltuhr","Schluessel zur Schaltuhr fuer Drucker HP-CLJ5550. Mit Ende der Ausleihe muss ein Ausdruck Verbrauchsmaterial abgegeben werden","Gelber Schluesselanhaenger, mit Ende der Ausleihe muss ein Ausdruck Verbrauchsmaterial abgegeben werden!","95","t","1346","79","419 45420","2008","\N"
"7862","Steckschluesselsatz 3/8","Proxxon Steckschluesselsatz, 3/8 Antrieb, Nuesse 6-24mm, Verlaengerung, Etui","6-24mm, Etui","95","f","0570","76","\N","2004","\N"
"8944","MB (Regine)","13-Inch/LED/2.26/2x2GB/250GB/SD, ModNr: A1342","VGA-Adapter, Netzteil/Snr: MV0100JATAGKA","120","f","0726","77","450133Z98PX","2010","1250"
"8608","Logitech cordless keyboard","cordless ","Station, Maus, Tastatur","95","t","0364","72","\N","2000","\N"
"8885","Power Adapter","85W MagSafe MacBook und MacBookPro, zu MB1234","\N","95","f","0939","74","\N","2009","125"
"8946","AdamSub10","aktiver Subwoofer, AdamSub10 mk2, 200/300W","Netzkabel","133","f","0699","53","P-92302","2010","1210"
"8947","Adam S1X (1Paar)","2 Stueck aktiver Nahfeldmonitor, Adam S1X, 200/280W","Netzkabel","133","f","0750","53","P-84376, P-84375","2010","2540"
"8948","Track One","PreAmp/De-Esser, SPL-Track One, Mod. 2960","Netzkabel","133","f","0737","42","9606138","2010","900"
"8137","Bernina 217-N-06","Bernina 217-N-06 Industrie-Naehmaschine, Zickzack, Anleitung beachten und/oder Christina Hagmann (0764166518) fragen!!!","Tisch, 4 Fuesse, 17 Spulen, oel, 1 Kapsel, Nadeln, Lampe, Schraubenzieher, Manual, div. Faeden","119","t","0265","76","69230621","2005","2300"
"8723","Acer Veriton T661 ","Intel Quad Q9300, 2.5GHz,2x2048MB,640GB, 16xDVD-Burner, XP-Pro","","95","t","1433","50","PST66E1Z27842012511800","2008","1300"
"8699","Sony Portable Reader PRS 500","Sony ebook-reader","4 GB SDHC,Netzteil","95","f","1408","44","14839237 1166952","2008","\N"
"7443","Behringer HA4700 (Audiostudio)","Kopfhoerer-Verstaerker mit Rackmischer","\N","133","f","0407","40","SN: N0315915184","2003","295"
"7677","Mackie Onyx 1620","Analog Mischpult 16 Kanal plus Firewire-Erweiterung","Firewire-Erweiterung","133","f","0690","40","SN: JR11008","2004","1974"
"8953","hp L1925","\N","\N","95","t","0738","80","\N","2001","\N"
"8955","USB-Maus","USB-Maus mit 3Tasten und Scroll","\N","95","t","0513","72","\N","2010","\N"
"8956","USB-Maus","USB-Maus mit 3Tasten und Scroll","\N","95","t","0791","72","\N","2010","\N"
"8957","USB-Maus","USB-Maus mit 3Tasten und Scroll","\N","95","t","0774","72","\N","2010","\N"
"8958","USB-maus","mit drei Tasten und Scroll","\N","95","t","0786","72","\N","2010","\N"
"8959","USB-Maus","mit drei Tasten und Scroll","\N","95","t","0779","72","\N","2010","\N"
"8960","USB-Maus","mit drei Tasten und Scroll","\N","95","t","0503","72","\N","2010","\N"
"8961","USB-Maus","mit drei Tasten und Scroll","\N","95","t","0790","72","\N","2010","\N"
"8962","USB-Maus","mit drei Tasten und Scroll","\N","95","t","0785","72","\N","2010","\N"
"8963","USB-Maus","mit drei Tasten und Scroll","\N","95","t","0508","72","\N","2010","\N"
"8966","USB-Maus","mit drei Tasten und Scroll","\N","95","t","0511","72","\N","2010","\N"
"8967","USB-Maus","mit drei Tasten und Scroll","\N","95","t","0507","72","\N","2010","\N"
"8969","USB-Maus","mit drei Tasten und Scroll","\N","95","t","0499","72","\N","2010","\N"
"8972","USB-Maus","mit drei Tasten und Scroll","\N","95","t","0489","72","\N","2010","\N"
"7889","Office 100, Endziffer 22","+41 61 269 9222","Netzteil Basisstation","112","f","0531","62","\N","2000","\N"
"7388","Plasma Display 42","Panasonic TH-42PWD6EX Plasma Display 42","Netzkabel, Fernbedienung, Manual","111","f","0256","80","SN: YB3330178","2003","7300.-"
"8692","Fellowes Bindemaschine","Fellowes Bindemaschine, Drahtbindung, nicht ausleihbar","Drahtbindungen (Kaemme) 8 mm, 10 mm, 12 mm, 14 mm","144","t","1400","68","\N","2008","900"
"8165","Magnat","3 Way Bass Reflex 120/220 Watt","Lautsprecherkabel","145","f","0601","53","\N","2000","\N"
"8853","Ext HD LaCie 500GB","LaCie ext HD 500 GB, formatiert MacOs extended,  FW 400, USB 2.0, eSATA","Netzteil","95","t","0157","52","1221905211270QR","2009","100"
"8977","Power Adapter fuer Apple","MagSafe 60W MacBook ","\N","95","f","0522","74","MV0110MYE935A","2010","98"
"8525","Pioneer  A-307","Stereo Amplifier, 2x60W/8Ohm, ","Fernbedienung( im lager ), appleUni-Dock, USB-Netzteil","145","f","1253","42","\N","2007","299"
"8834","LG DVX340","DVD-Player","Fernbedienung, ","95","t","0131","46","812INXJ410018","2009","\N"
"8986","USB2 HD 500GB","LaCie Petit USB2 HD 500GB","USB-Kabel","95","t","0567","52","12961005062078K","2010","100"
"8138","Acer CE-5330","5.18 MP Dig.Fotokamera,3x 0ptical Zoom","512 MB Memory Card,4 Akkus,Ladegeraet,USB-Kabel, AV-Kabel, kl.Guerteltasche,Manual","95","t","0025","48","AM5330300153900729RGOA","2006"," 266"
"8139","Acer CE-5330","5.18 MP Dig.Fotokamera, 3x 0ptical Zoom","512 MB Memory Card, 4Akkus, Ladegeraet, USB-Kabel, Manual","95","t","0031","48","AM5330300153900729RGOA","2006"," 266"
"8685","Olympus SP","Olympus SP-550UZ","2 GB, Ladegeraet, 4 Akkus (AA), USB-Kabel, AV-Kabel","95","t","1394","48","L09219833","2008","550"
"8620","VISATEC SOLO Kit216","professioneller Studioblitz, Zubehoer: Soloflex Stoffreflektor, Reflektorueberzug, Diffusor, Adapterring ","2xSolo 1600B inkl.Blitzroehre, Transportschutzhauben, Blitzausloeser incl.Kabel u. Ersatzbatterien, 2x4m Stromkabel, Normalreflektor, Abschirmklappen-Set, Schirmreflektor, Synchrokabel(5m), Tasche mit 2 Stativen, Manual","95","t","1336","54","K01C14749/50","2008","3210"
"8669","Sony HDR-HC9E","Digitale HD-Videokamera, HDV1080i, HDV/DV, 10xoptisch, 20xDIGITAL-ZOOM/CMOS","Netzteil, Fernbedienung, USB-kabel, AV-Kabel, Komponetenvideo-Kabel, Fw-Kabel4/4,Fw-Kabel 6/4, Gegenlichtblende, Manual, Software","95","f","1386","65","136009","2008","1417"
"8998","Libec Videostativ","Libec video-Stativ TH-950 DV mit Tasche, 55 - 155 cm, bis 4 Kg","Tasche, Platte","95","t","0593","61","744899","2010","500"
"8983","USB2 HD 500GB","LaCie Petit USB2 HD 500GB","USB-Kabel","95","t","0574","52","1296105062098K","2010","100"
"8984","USB2 HD 500GB","LaCie Petit USB2 HD 500GB","USB-Kabel","95","t","0571","52","12961005062173K","2010","100"
"8985","USB2 HD 500GB","LaCie Petit USB2 HD 500GB","USB-Kabel","95","t","0568","52","12961005060986K","2010","100"
"8992","USB2 HD 500GB","LaCie Petit USB2 HD 500GB","USB-Kabel","95","t","0551","52","12961005062093K","2010","100"
"7527","Poppschutz","Poppschutz","\N","133","f","0733","55","\N","2005","50"
"8379","Aple USB Tastatur","Aple USB Tastatur","\N","95","t","1115","72","KY633002GW1ZA","2006","\N"
"8357","Public iMac SIGCOM","iMac20""intelCoreDuo-ll/2.16GHz/2.0GB/250GB/SD Public iMac, Hostname BA14EC36001, Gehaeuse ol Beschaedigt","OSX 10.6, div Programme, Maus 1105, Tastatur 1115","102","f","1095","77","W8638330VUV","2006","2264"
"8204","Sony-Kopfhoerer MDR-V150","\N","Minijack-jack","95","t","0972","69","\N","2005","34.00"
"9003","DELOCK","Kabelschloss mit T-Kupplung zum kurzfristigen Sichern der meissten Notebooks, Beamer usw.,","2 Schluessel","95","f","0611","75","14516","2009","\N"
"9006","Schluessel Mediaspace","Schluessel fuer Mediaspace Nach der Nutzung des Mediaspace muss dieser wieder aufgeraeumt werden. Abnahme. Das installierte Licht sollte nicht veraendert werden!","Schluessel fuer Mediaspace  Nach der Nutzung des Mediaspace muss dieser wieder
aufgeraeumt werden. Abnahme. Das installierte Licht sollte nicht veraendert werden!","95","t","0619","79","\N","2006","\N"
"8006","Standard SR 8500","DVD-Player","\N","95","t","0012","46","\N","2000","\N"
"8991","USB2 HD 500GB - NICHT VERLEIHEN! ","NICHT VERLEIHEN! Master MacBook und Pro mit OSX10.6.3, CS4, div. Utilities, MSOffice08, ARD - USB-Kabel - 2.Part Softwarespeicher","NICHT VERLEIHEN! Master MacBook und Pro mit OSX10.6.3, CS4, div. Utilities, MSOffice08, ARD - USB-Kabel - 2.Part Softwarespeicher","95","f","0545","52","12961005062269K","2010","100"
"8926","Fotostativ Hama","mittleres Fotostativ 55 bis 155 cm, max 4 Kg","Tasche, Platte","95","t","0659","61","\N","2010","80"
"9012","Toshiba","DVD-Player","Fernbedienung,","95","t","0348","46","948E0784PE0600","2010","70"
"9014","Toshiba","DVD-Player","Fernbedienung,","95","t","0353","46","948E1217PE0600","2010","70"
"9016","Toshiba","DVD-Player","Fernbedienung,","95","t","0329","46","948E1534PE0600","2010","70"
"9017","Toshiba","DVD-Player","Fernbedienung,","95","t","0357","46","948E1026PE060","2010","70"
"9018","Toshiba","DVD-Player","Fernbedienung,","95","t","0331","46","948E1218PE0600","2010","70"
"9019","Fotostativ Hama","mittleres Fotostativ 55 bis 155 cm, max 4 Kg","Tasche, Platte","95","t","0767","61","\N","2010","80"
"9020","Softbox","2. kleine Softbox u.a. fuer VISATEC SOLO Kit216 Inv.Nr.1336","\N","95","t","0359","54","\N","2010","\N"
"7728","Kensington MicroSaver","Kabelschloss mit T-Kupplung zum kurzfristigen Sichern der meissten Notebooks, Beamer usw., kein Masterkey","\N","95","f","0501","75","466078","2004","\N"
"9021","Power Adapter fuer Apple","MagSafe 60W MacBook ","\N","95","f","0377","74","MV02807Y9AL1A","2010","98"
"9022","Power Adapter fuer Apple","MagSafe 60W MacBook ","\N","95","f","0378","74","MV02807YGAL1A","2010","98"
"9035","THE ATER SPOT THT-501","Theaterlicht Spot max 500W, Mod.:THT-501, Lampe GY9 300/500W Halogen","Kabel, Drahtsicherung","95","t","0365","54","\N","2010","\N"
"9036","THE ATER SPOT THT-501","Theaterlicht Spot max 500W, Mod.:THT-501, Lampe GY9 300/500W Halogen","Kabel, Drahtsicherung","95","t","0375","54","\N","2010","\N"
"9037","THE ATER SPOT THT-501","Theaterlicht Spot max 500W, Mod.:THT-501, Lampe GY9 300/500W Halogen","Kabel, Drahtsicherung","95","t","0384","54","\N","2010","\N"
"7756","Pioneer DVD-V7300D","DVD- Player mit Anschluss fuer Computer (RS-232C) und PS/2 Maus, MOD:DVD-V7300D","Fernbedienung","95","f","0302","46","SN: UHEA003676EW","2003","\N"
"9063","LACIE","Festplatte 80GB, FW 400","\N","95","t","0562","52","\N","2006","\N"
"8144","iMac 20 intel","iMac20' intel2.0GHz/1.5GB/250GB/SD","OSX, XP","95","t","0209","77","SW8603JBQU2P","2006","2641"
"9070","MBP13 (Martin Schaffner)","MBP13.3/2.26/8GB/320/SD/GLSY","Monitoradapter, Netzteil","95","f","0191","77","W08211H9ATN","2010","2200"
"9071","safe","safe easykey","\N","95","f","0193","79","\N","2007","\N"
"7343","Sony DSC-F828","8MP-Kamera, Memorystick und Flashcard moeglich, MN:DSC-F828","Netz/Ladegeraet, 2 Akkus, USB-Kabel, 2GB-Memorystick, 2GB-CF, Polarisationsfilter, 16mm/2.8 Fisheye","95","t","0403","48","SN: 1732962","2004","1459"
"8803","DELOCK","Kabelschloss mit T-Kupplung zum kurzfristigen Sichern der meissten Notebooks, Beamer usw.,","\N","95","f","1246","75","0764","2009","\N"
"8800","DELOCK","Kabelschloss mit T-Kupplung zum kurzfristigen Sichern der meissten Notebooks, Beamer usw.,","\N","95","f","1032","75","0425","2009","\N"
"8832","LG DVX340","DVD-Player","Fernbedienung, ","95","t","0133","46","812INMF406771","2009","\N"
"8861","STANDARD SR-722","MPEG4/DVD/CD/HDMI-Eingang","Fernbedienung, ","95","t","0164","46","0712016333","2009","\N"
"9072","LG DVX340","DVD-Player","Fernbedienung, ","95","t","0146","46","812INJL404596","2009","\N"
"8833","LG DVX340","DVD-Player","Fernbedienung, ","95","t","0101","46","812INJL404596","2009","\N"
"8804","DELOCK","Kabelschloss mit T-Kupplung zum kurzfristigen Sichern der meissten Notebooks, Beamer usw.,","\N","95","f","0945","75","0546","2009","\N"
"8802","DELOCK","Kabelschloss mit T-Kupplung zum kurzfristigen Sichern der meissten Notebooks, Beamer usw.,","\N","95","f","1002","75","0760","2009","\N"
"8794","DELOCK","Kabelschloss mit T-Kupplung zum kurzfristigen Sichern der meissten Notebooks, Beamer usw., ","2 Schluessel","95","f","0994","75","0428","2009","\N"
"7333","ArpDatacon NB Security-Set","Kabelschloss mit T-Kupplung zum kurzfristigen Sichern der meissten Notebooks, Beamer usw.","2 Schluessel","95","f","0880","75","13035","2004","\N"
"8789","DELOCK","Kabelschloss mit T-Kupplung zum kurzfristigen Sichern der meissten Notebooks, Beamer usw., ","2 Schluessel","95","f","1235","75","0464","2009","\N"
"8786","DELOCK","Kabelschloss mit T-Kupplung zum kurzfristigen Sichern der meissten Notebooks, Beamer usw., ","\N","95","f","1072","75","459","2009","\N"
"8883","DELOCK","Kabelschloss mit T-Kupplung zum kurzfristigen Sichern der meissten Notebooks, Beamer usw.,","\N","95","f","1244","75","0421","2009","\N"
"8797","DELOCK","Kabelschloss mit T-Kupplung zum kurzfristigen Sichern der meissten Notebooks, Beamer usw., ","2 Schluessel","95","f","1113","75","0423","2009","\N"
"7707","Kensington MicroSaver","Kabelschloss mit T-Kupplung zum kurzfristigen Sichern der meissten Notebooks, Beamer usw., Masterkey bei rasso","\N","95","f","0444","75","SN: 500080","2004","\N"
"7642","Kensington MicroSaver","Kabelschloss mit T-Kupplung zum kurzfristigen Sichern der meissten Notebooks, Beamer usw., Masterkey bei rasso","\N","95","f","0491","75","SN: 422093","2004","\N"
"7405","Kensington MicroSaver","Kabelschloss","2 Schluessel","95","f","0480","75","SN: 599045","2004","\N"
"9075","LaCie USB 300GB","USB Festplatte, 300 GB","Netzteil, USB-Kabel","95","t","0722","52","0998412170461C","2008","120"
"9076","gorillapod","Kleines Stativ mit flexiblem Fuss zum Einsatz bei z.B. Safaris...etc","\N","95","t","0213","61","\N","2010","74"
"9077","gorillapod","Kleines Stativ mit flexiblem Fuss zum Einsatz bei z.B. Safaris...etc","\N","95","t","0206","61","\N","2010","74"
"9078","gorillapod","Kleines Stativ mit flexiblem Fuss zum Einsatz bei z.B. Safaris...etc","\N","95","t","0208","61","\N","2010","74"
"9092","ThinkPad X201 (Mauro)","ThinkPad 12"", Intel Core 2,53GHz, 500GB, 4GB Ram,","Netzteil,","120","f","0239","50","R97LM6R","2010","1470"
"8116","MioMap ","kl. GPS, Akku def.","Netzteil. Kfzladegeraet, 256 MB-Memoryst.,Software, Kurzanleitung, Antenne, Kfz-Halterung","95","t","0038","44","RS1E5103932","2005","\N"
"7977","Sony DVD","DVPS535D","Fernbedienung, (fehlt)Scart-Kabel","95","f","0088","46","\N","2000","\N"
"8637","United DVD 3151","DVD-Player","Fernbedienung,Av-Kabel","95","f","1347","46","\N","2006","64,-"
"9011","Lautsprecherstativ adam hall","Lautsprecherstativ, Plexwerk","\N","134","f","0325","61","\N","2010","\N"
"9094","Kapp- und Gehrungssaege","Kapp- und Gehrungssaege, Schnitthoehe 90mm, Schnittlaenge 300mm, ","\N","132","f","0241","76","10/06/0115","2010","300"
"8440","Sennheiser  K6","Sennheiser K6/ME 66, Kondensator Mikrofon, benoetigt keine Phantomspeisung","XLR/mini-jack, Halter, ","95","t","1168","55","\N","2006","\N"
"8949","2Control","Monitoring Controller, SPL-2Control, Mod. 2860","Netzkabel","96","f","0748","40","0600835","2010","700"
"8982","Mini-Displayport zu VGA  Adapter","Micro-Displayport zu VGA Adapter, (MacBook Pro)","\N","95","f","0536","81","\N","2010","40.-"
"8614","ULTRA-VOICE DIGITAL (Audiostudio)","Mikrofonverstaerker/Regelverstaerker/Equalizer","Manual,Stromkabel","95","f","1331","40","\N","2002","\N"
"8551","Mikrofonstaender","Mikrofonstaender","\N","133","f","1278","61","\N","2000","\N"
"7269","LaCie d2 HD 250GB","Ext. Harddrive, 250 GB, FW800, FW400, USB2, 7200RPM, 8MB Buffer","Netzteil, FW-Kabel(4/6,6/6), USB2-Kabel, Fuss","133","f","0872","52","451802721","2005","279"
"7302","IBM Flatscreen 19","IBM Flatscreen 19","Netzteil, VGA-Kabel","133","f","0035","80","\N","2002","\N"
"7281","Neumann TLM 103","Neumann TLM 103, unsichtbar, weil wird in audioraum integriert","Aufhaengung, Uebergang XLR/miniJack","133","f","0696","55","SN: 24496","2004","\N"
"8452","Panasonic NV-GS230EG/EK","Kleine,kompakte, mini-DV, USB,","Netzteil,Ladegeraet, 2.AKKU, Fernbedienung, AVKabel,FW-Kabel, 1GB-SDC","95","t","1177","65","B7HC01542R","2007","640"
"8576","ext HD LaCie320GB","Ext. Harddrive, 320 GB, FW800, FW400, USB2,","USB-Kabel,FW400-Kabel6/6,Software","95","f","1300","52","1224802124434QR","2008","240"
"9102","Mini-Displayport zu VGA  Adapter ","Micro-Displayport zu VGA Adapter, (MacBook Pro)","\N","95","f","0535","81","\N","2010","40.-"
"9103","iPad/VGA","iPad/VGA Adapter, Dock Connector","iPad/VGA Adapter, Dock Connector","95","t","0279","81","\N","2010","\N"
"9104","iPad/VGA","iPad/VGA Adapter, Dock Connector","iPad/VGA Adapter, Dock Connector","95","t","0292","81","\N","2010","\N"
"9105","iPad/VGA","iPad/VGA Adapter, Dock Connector","iPad/VGA Adapter, Dock Connector","95","t","0291","81","\N","2010","\N"
"9106","iPad/VGA","iPad/VGA Adapter, Dock Connector","iPad/VGA Adapter, Dock Connector","95","t","0290","81","\N","2010","\N"
"9107","iPad/VGA","iPad/VGA Adapter, Dock Connector","iPad/VGA Adapter, Dock Connector","95","t","0281","81","\N","2010","\N"
"9108","iPad/VGA","iPad/VGA Adapter, Dock Connector","iPad/VGA Adapter, Dock Connector","95","t","0280","81","\N","2010","\N"
"7607","Voellig fiktives Testgeraet","Voellig fiktives Testgeraet, vorzugsweise fuer Thomas Bach","Was immer dein Herz begehrt","95","t","0000","44","\N","2003","ganz billig"
"7544","HP Laserjet 4100tdn","HP Laserjet 4100tdn, ModNr.: C8052A, IP: ","Stromkabel","124","f","0042","45","JPFGF31923","2000","\N"
"7582","Sony XGA","Handlicher Beamer, MN:VPL-PX1 ","Netzkabel, VGA Kabel,Fernbedienung (fehlt!)","95","t","0003","41","SN: 16308","2000","\N"
"8210","WACOM Graphics-Tablet","Intuos3, leichtes A5 Grafik-Tablett, Mnr:ptz-630, DownloadDriver: www.wacom.com/downloads/","USB-Kabel, Grip Pen mit Ablage, kabellose Maus, Software","95","t","0980","72","6BZM01633","2006","440,-"
"7786","Wacom Grafiktablet","CTE-430 (Sapphire),A6 Format, DownloadDriver: www.wacom.com/downloads/","Stift","95","f","0646","72","3JZ006428","2004","397,05"
"7882","Office 100, Endziffer 24 (Schlosserei)","+41 61 269 9224","Netzteil Basisstation","120","f","1377","62","\N","2008","\N"
"9112","20 meter VGA-Kabel","20 meter VGA-Kabel, fest installiert Vortragsraum BSH EG","\N","118","f","0445","44","\N","2010","60"
"9113","Mini-Displayport zu VGA  Adapter ","Micro-Displayport zu VGA Adapter, (MacBook Pro)","\N","95","f","0461","81","\N","2010","40.-"
"9114","Mini-Displayport zu VGA  Adapter ","Micro-Displayport zu VGA Adapter, (MacBook Pro)","\N","95","f","0473","81","\N","2010","40.-"
"8893","Mini-Displayport zu VGA  Adapter ","Micro-Displayport zu VGA Adapter, (MacBook Pro), fest bei Beamer Annex 2.OG","\N","95","f","0621","81","\N","2009","40.-"
"8560","LaCie USB 300GB","USB Festplatte, 300 GB","Netzteil, USB-Kabel","95","t","1287","52","HDS0PAJDQP804391","2008","120"
"9116","ArpDatacon NB Security-Set","Kabelschloss mit T-Kupplung zum kurzfristigen Sichern der meissten Notebooks, Beamer usw.","2 Schluessel","95","f","0879","75","11249","2007","38"
"7426","Panasonic  PT-L520E ","LCD Beamer, 2100 ANSI, fest installiert Videoschnittraum","Fernbedienung, Netzkabel, VGA-Kabel, Weitwinkel Objektiv (ET-LEC701)","116","f","0289","41","SN: SF2650174","2003","4400.-"
"8126","PBG4 (Gast)","PBG4, 80GB, 1GB, 1.67GHz, DVD/CD defekt","Alukoffer, Netzteil fehlt","95","f","0030","77","W85460T5UQ0","2004","2400"
"9123","hama usb2 Cardreader/writer","USB-Cardreader/writer: CF, CF2, MS, MSP, SM, xD, SD, MMC ...","USB-Kabel","95","t","0294","52","SN: 46822630501","2006","\N"
"9122","Elmo L-1e, Visualizer","Elmo L-1e, Visualizer, ersetzt Overhead-Projektor, Episkop, Scanner, Digitalkamera, SD-Kartenslot","Netzteil, VGA-Kabel, USB-Kabel, Tablett, Mikroskop-Aufsatz, Remote, Manual","95","t","0304","65","824326","2010","1000"
"8381","hama usb2 Cardreader","USB-Cardreader/writer: CF, CF2, MS, MSP, SM, xD, SD, MMC ...","USB-Kabel","95","t","1117","52","\N","2006","\N"
"9127","Luxo","Buero Stehleuchte Luxo 4x55W","\N","128","f","0251","54","\N","2010","1400"
"9131","Luxo","Buero Stehleuchte Luxo 4x55W","\N","112","f","0252","54","\N","2010","1400"
"9130","Luxo","Buero Stehleuchte Luxo 4x55W","\N","112","f","0229","54","\N","2010","1400"
"9124","Luxo","Buero Stehleuchte Luxo 4x55W","\N","112","f","0126","54","\N","2010","1400"
"9125","Luxo","Buero Stehleuchte Luxo 4x55W","\N","111","f","0201","54","\N","2010","1400"
"9129","Luxo","Buero Stehleuchte Luxo 4x55W","\N","111","f","0205","54","\N","2010","1400"
"9128","Luxo","Buero Stehleuchte Luxo 4x55W","\N","118","f","0152","54","\N","2010","1400"
"9132","Luxo","Buero Stehleuchte Luxo 4x55W","\N","128","f","0237","54","\N","2010","1400"
"9126","Luxo","Buero Stehleuchte Luxo 4x55W","\N","118","f","0219","54","\N","2010","1400"
"9136","TULUX","Buero Stehleuchte 4x55 Watt","\N","102","f","0309","54","\N","2010","450"
"9135","TULUX","Buero Stehleuchte 4x55 Watt","\N","143","t","0307","54","\N","2010","450"
"9141","TULUX","Buero Stehleuchte 4x55 Watt","\N","147","f","0433","54","\N","2010","450"
"9142","TULUX","Buero Stehleuchte 4x55 Watt","\N","132","f","0447","54","\N","2010","450"
"9133","Luxo","Buero Stehleuchte Luxo 4x55W","\N","109","f","0262","54","\N","2010","1400"
"9025","MB 13 (Martin Sommer)","13"", 2.4GHz IntelC2Duo, 2X2GB, 250GB, SD, MNr.:A1342","Netzteil, SW, VGA-Adapter","95","t","0337","77","4503515PF5X","2010","1300"
"9147","APC Smart-UPS 2200","APC Smart-UPS 2200, MN:SUA2200RMI2U, unterbrechungsfreie Stromversorgung Serverraum","neue Batterien Nov. 2010","131","f","0327","74","JS0529031878","2005","\N"
"8415","APC Smart UPS 700","USV fuer Cisco nd2ce001","\N","131","f","1150","74","GD01014006034","2003","\N"
"9150","ECM-HW2","Sony ECM-HW2, kabelloses Mikrofon (Bluetooth), Reichweite max. 30m, Anschluss per Blitzschuh an HDR-, und DCR-Kameras, benoetigt 1x AAA","Sender, Empfaenger, 2xOhrhoerer, Stirnband, Manual","95","t","0330","55","\N","2010","250"
"9151","Galaxy Tab","Samsung Galaxy Tab P1000, 16 GB, 7 Zoll Display, WiFi, 3G, 3MP, Android 2.2, 1GHz Prozessor, Flash","Power Adapter, Datenkabel, Stereo Headset, Manual","95","t","0215","62","R2YZB57268B","2010","750"
"9134","TULUX","Buero Stehleuchte 4x55 Watt","\N","104","t","0474","54","\N","2010","450"
"9152","Galaxy Tab","Samsung Galaxy Tab P1000, 16 GB, 7 Zoll Display, WiFi, 3G, 3MP, Android 2.2, 1GHz Prozessor, Flash","Power Adapter, Datenkabel, Stereo Headset, Manual","95","t","0210","62","R2YZB56750Z","2010","750"
"9159","CTV - VJ Kit","CTV - VJ Kit fuer Projekt Community TV Afrika","Netbook Acer Aspire One 753, 11.6"" WXGA HD, SN: LUSCT02239025268C1200 Headphone-Sony MDR-V150 Flip Video Mini Camcorder UltraHD, 8GB SN: MB0929503905 2 x Traveling Disk U262 8GB Stativ GORILLAPOD Targus Rucksack CN600","95","t","0546","44","siehe Beschreibung","2010","920"
"9154","CTV - VJ Kit","CTV - VJ Kit fuer Projekt Community TV Afrika","Netbook Acer Aspire One 753, 11.6"" WXGA HD, SN: LUSCT02239025268E92000 Headphone-Sony MDR-V150 Flip Video Mini Camcorder UltraHD, 8GB SN: MB0929504085 2 x Traveling Disk U262 8GB Stativ GORILLAPOD Targus Rucksack CN600","95","t","0529","44","sieh Beschreibung","2010","920"
"9153","CTV - VJ Kit","CTV - VJ Kit fuer Projekt Community TV Afrika","Netbook Acer Aspire One 753, 11.6"" WXGA HD, SN: LUSCT02239025268D02000 Headphone-Sony MDR-V150 Flip Video Mini Camcorder UltraHD, 8GB SN: MB0929503974 2 x Traveling Disk U262 8GB Stativ GORILLAPOD Targus Rucksack CN600","95","t","0524","44","sieh Beschreibung","2010","920"
"9158","CTV - VJ Kit","CTV - VJ Kit fuer Projekt Community TV Afrika","Netbook Acer Aspire One 753, 11.6"" WXGA HD, SN: LUSCT02239025268BD2000 Headphone-Sony MDR-V150 Flip Video Mini Camcorder UltraHD, 8GB SN: MB0929501779 2 x Traveling Disk U262 8GB Stativ GORILLAPOD Targus Rucksack CN600","95","t","0540","44","sieh Beschreibung","2010","920"
"9156","CTV - VJ Kit","CTV - VJ Kit fuer Projekt Community TV Afrika","Netbook Acer Aspire One 753, 11.6"" WXGA HD, SN: LUSCT02239025268CE2000 Headphone-Sony MDR-V150 Flip Video Mini Camcorder UltraHD, 8GB SN: MB0929504028 2 x Traveling Disk U262 8GB Stativ GORILLAPOD Targus Rucksack CN600","95","t","0557","44","sieh Beschreibung","2010","920"
"9155","CTV - VJ Kit","CTV - VJ Kit fuer Projekt Community TV Afrika","Netbook Acer Aspire One 753, 11.6"" WXGA HD, SN: LUSCT022390252693B2000 Headphone-Sony MDR-V150 Flip Video Mini Camcorder UltraHD, 8GB SN: MB0929503876 2 x Traveling Disk U262 8GB Stativ GORILLAPOD Targus Rucksack CN600","95","t","0533","44","sieh Beschreibung","2010","920"
"9157","CTV - VJ Kit","CTV - VJ Kit fuer Projekt Community TV Afrika","Netbook Acer Aspire One 753, 11.6"" WXGA HD, SN: LUSCT02239025269462000 Headphone-Sony MDR-V150 Flip Video Mini Camcorder UltraHD, 8GB SN: MB0929504000 2 x Traveling Disk U262 8GB Stativ GORILLAPOD Targus Rucksack CN600","95","t","0528","44","sieh Beschreibung","2010","920"
"9160","CTV - VJ Kit","CTV - VJ Kit fuer Projekt Community TV Afrika","Netbook Acer Aspire One 753, 11.6"" WXGA HD, SN:LUSCT02239025268F92000 Headphone-Sony MDR-V150 Flip Video Mini Camcorder UltraHD, 8GB SN: MB0929501589 2 x Traveling Disk U262 8GB Stativ GORILLAPOD Targus Rucksack CN600","120","t","0537","44","sieh Beschreibung","2010","920"
"8971","USB-Maus Fabian Kumli","mit drei Tasten und Scroll","\N","120","t","0496","72","\N","2010","\N"
"9164","Apple TV","Drahtloses TV-Streaming, Mod-Nr. A1378","Fernbedienung, HDMI-DVI-Kabel, Stromkabel,","95","f","0361","59","C07DQG8HDDR5","2010","160"
"9163","Apple TV","Drahtloses TV-Streaming, Mod-Nr. A1378","Fernbedienung, HDMI-DVI-Kabel, Stromkabel,","95","f","0349","59","C07DQEVRDDR5","2010","160"
"9165","Apple TV","Drahtloses TV-Streaming, Mod-Nr. A1378","Fernbedienung, HDMI-DVI-Kabel, Stromkabel,","95","f","0393","59","CO7DQF9TDDR5","2010","160"
"9119","Panasonic PT-FW300E","LCD-Beamer Panasonic PT-FW300E, 3500 Ansi, Aufloesung WXGA, Kontrast 600:1, im Vortragsraum BSH EG installiert - 0000h/15.11.2010","Netzkabel, Manual, Remote","118","f","0310","41","SC0520104","2010","3000"
"8912","Beyerdynamic M 201 TG","Beyerdynamic M 201 TG","Tasche, Windschutz, Halter, XLR/MiniJack-Kabel","95","t","0890","55","\N","2009","280"
"8550","Phantom Power Adapter","DXA-6 Dual Phantom Power Adapter, 2x XLR auf Stereo MiniJack mit Phantomspeisung, R/AUX rauscht","\N","95","t","0062","55","\N","2007","530"
"8811","Nikon ML-L3","Infrarot-Fernbedienung zu Kameraset 0277","Taeschli ","95","f","1248","48","\N","2009","50"
"9110","20 meter VGA-Kabel","20 meter VGA-Kabel","\N","128","f","0446","44","\N","2010","60"
"8898","Kodak Zi8","Pocket Video Kamera, HDV1080p,","Ladegeraet(fehlt), HDMI-Kabel,AV-Kabel, Manual, 16GB SD-Card","95","t","0725","65","KCZKZ93K3653","2009","240"
"9098","Airport Extreme IHW 05","Airport Extreme, MN:A1354, A-ID 2,4GHz: 60:33:4B:E1:34:6D, E-ID:   D8A25E7AF 2F D","Netzteil, Manual","146","f","0264","59","6F0291MKAQB","2010","195"
"9099","Airport Extreme IHW 06","Airport Extreme, MN:A1354, A-ID 2,4GHz: 60:33:4B:E1:74:03, E-ID:   D8A25E7AEA7D","Netzteil, Manual","123","f","0267","59","6F02816TAQB","2010","195"
"9166","Apple Netzteil MB","\N","\N","95","t","0741","74","\N","2007","\N"
"8354","Public iMac iRoom","Workstation iRoom, iMac20 intel, OSX 10.6.3, intelCoreDuoll/2.16GHz/2.0GB/250GB/Super, Hostname BA14EC36003 ","Keyboard, MightyMouse InvNr 1157","145","f","1092","77","W8638330VUV","2006","2264"
"9169","XBOX 360","XBOX 360","Controler, KINECT Sensor Inv.Nr.: 0488,","104","f","0452","44","311561704005","2010","674"
"9171","Mini-Displayport zu VGA  Adapter ","Micro-Displayport zu VGA Adapter, (MacBook Pro)","\N","95","f","0711","81","\N","2010","40.-"
"9172","Mini-Displayport zu VGA  Adapter ","Micro-Displayport zu VGA Adapter, (MacBook Pro)","\N","95","f","0028","81","\N","2010","40.-"
"8774","Mini-Displayport zu DVI  Adapter","Mini-Displayport zu DVI Adapter, (MacBook Pro)","\N","95","f","0022","81","\N","2009","40.-"
"8356","iMac 20 intel","iMac20,intelCoreDuoll/2.16GHz/2.0GB/250GB/SD ","OSX 10.6.4, Win XP SP2, Rhino4, div Programme, Maus 0789, Tastatur 1217,","95","t","1094","77","W8638330VUV","2006","2264"
"8491","USB Keyboard bei iMac 1094","Macally iKeySlim USB","\N","95","f","1217","72","\N","2007","30"
"9173","Maus bei iMac 1094","\N","\N","95","f","0789","72","\N","2009","\N"
"8631","Apple optical Mouse","Apple optical Mouse USB","\N","95","t","1103","72","8B6350DU6UCUA","2005","35.50"
"8366","Apple optical Mouse","Apple optical Mouse USB mit scrollrad, ","\N","95","t","1101","72","8B6330CJ3UCUA","2006","ca 50,-"
"8842","JVC EVERIO","kleine digitale HD-Videokamera, 20GB HD, Import in iMovie8","2 Akkus, Ladegeraet, USB-Kabel, Tasche, Manual","95","t","0792","65","141F3778","2006","\N"
"7492","Sennheiser K6","Richtcharakteristik super-cardioid/lobar, Audio-uebertragungsbereich (Mikrofon) 40.....20000 Hz +- 2,5 dB, Nennimpedanz 200 Ohm (K6), Min. Abschlussimpedanz 1000 Ohm ( K6)","Kabel-XLR/miniJack, Windschutz,","95","t","0322","55","SN: 26894","2003","\N"
"8108","Power Adapter fuer Apple","Kensington Notebook 70WAC/DC Power Adapter fuer Apple Universalladegeraet fuer Mac bei PB G4 InvNr.: 0547)","Ladestecker fuer Netz,Auto,Flugzeug, Notebookspitzen (3), auch fuer ibook,Powerbook und iPod, schwarze Tasche","95","f","0078","74","\N","2005","CHF 137,-"
"9175","Sony N50 Weitwinkel","Weitwinkelobjektiv E16mm-F2.8, fuer Sony Nex, bei InvNr 0504, ModNr SEL16F28 ","Objektivdeckel,","95","f","0352","48","0307874","2010","\N"
"9177","Prosail - Tryplex","Segelplotter mkIII (Harry), Tryplex","Rechner 0505, SW","134","f","0367","45","\N","2011","5000"
"9178","Folienschweisser","Weldsonic Solo (jentschmann)","Tisch","134","f","0396","45","\N","2011","16000"
"9170","KINECT","Videointerface auch zur XBOX 360","Netzteil, USB-Kabel Verlaengerung,","95","t","0471","44","484184604035","2010","230"
"8113","Shuttle ","Shuttle, 3.2GHz, 1GB RAM, 80GB HD, WLAN, 128MB Geforce GK, COMBO, Nomadix","1 COM anschluss defekt","95","f","0225","50","\N","2005","1500"
"7956","Mikrofon Sony F710 (2 Stueck)","Set of 2. dynamic mic with high sonic quality. Suitable for voice and instrument pick-up. on/off-switch, CapsuleType:Dynamic, Directivity:Uni, FrequencyResponse:70-15,000Hz, Output impedance at 1kHz: 400 ohms","2 Mikrofone (0345, 0346)","95","t","0345","55","\N","2000","\N"
"8619","MiniView","KVM-Switch","div.Kabel","95","t","1335","66","\N","2002","\N"
"9188","ArpDatacon NB Security-Set","Kabelschloss mit T-Kupplung zum kurzfristigen Sichern der meissten Notebooks, Beamer usw.","2 Schluessel","95","f","1015","75","\N","2004","\N"
"9109","18-200mm Tele zu Nex","Teleobjektiv 18-200mm/F3.5-6.3 zu Nex10 (InvNr: 0514), MN: SEL18200","Deckel vorne, Deckel hinten, Gegenlichblende. Achtung: Kontakte nicht beruehren.","95","f","0449","48","1807464","2010","1000"
"8788","DELOCK","Kabelschloss mit T-Kupplung zum kurzfristigen Sichern der meissten Notebooks, Beamer usw.,","2 Schluessel","95","f","0992","75","0401","2009","\N"
"7790","Yamaha MIDI Keyboard","CBXK3","\N","133","f","0109","40","\N","2000","\N"
"7386","Kobold TR200","Koffer mit 3 Video-Lampen, 3 Stativen, 1 Klemme","Koffer, Stative, Leuchtmittel, Klemme,","95","t","0717","54","\N","2004","1695"
"9191","UV-Licht","UV-Licht, Leuchtstab 36Watt, 135cm, nur fuer Innen!","\N","104","t","0398","54","\N","2010","\N"
"9192","DELOCK","Kabelschloss mit T-Kupplung zum kurzfristigen Sichern der meissten Notebooks, Beamer usw.,","2 Schluessel,","95","t","0423","75","0405","2008","\N"
"9193","Mini-Displayport zu VGA  Adapter ","Micro-Displayport zu VGA Adapter, (MacBook Pro)","\N","95","f","0443","81","\N","2010","40.-"
"9195","Mini-Displayport zu VGA  Adapter ","Micro-Displayport zu VGA Adapter, (MacBook Pro)","\N","95","f","0478","81","\N","2010","40.-"
"9197","Mini-Displayport zu DVI  Adapter ","Mini-Displayport zu DVI Adapter, (MacBook Pro)","\N","95","f","0563","81","\N","2010","40.-"
"9198","Mini-Displayport zu DVI  Adapter ","Mini-Displayport zu DVI Adapter, (MacBook Pro)","\N","95","f","0569","81","\N","2010","40.-"
"9199","iPad/VGA","iPad/VGA Adapter, Dock Connector","iPad/VGA Adapter, Dock Connector","95","t","0575","81","\N","2010","\N"
"9206","HDMI Converter (VGA-HDMI)","\N","Netzteil, HDMI-Kabel,","95","t","0623","81","\N","2011","119"
"8899","MSI Wind Netbook","MSI Wind U100 Plus Black, 10.2"" LED 1024x600 / Atom N280 1.66GHz / 1GB / 160GB / Cam","Netbook, Tasche, Netzteil, Manual/SW-CD, Name:vj, Passwort: cTV2009","95","t","0825","50","0011221-SKU501K0907000607","2009","450"
"7344","MacMini (PlasmaTreppe)","ModelNo: A1103, 1.42GHz/1GB/80GB/CMD/AP/BT/SM,   admin/plasma","Netzteil, OS X.4.5, DVI-VGA Adapter","124","f","0763","77","VM50709NRHS","2005","1260"
"7346","MacMini (PlasmaKamin)","1.42GHz/1GB/80GB/CMD/AP/BT/SM","Netzteil, OS X.5","141","f","0752","77","YM50700RRHS","2005","1257.50"
"9004","Toshiba LCD Television","19"" LCD Fernseher","Fernbedienung","95","t","0616","47","A22G84P02244C1","2010","275"
"9174","18-200mm Tele zu Nex","Teleobjektiv 18-200mm/F3.5-6.3 zu Sony NEX - VG10E 0504, MN: SEL18200","Deckel vorne, Deckel hinten, Gegenlichblende. Achtung: Kontakte nicht beruehren.","95","f","0517","48","1811120","2010","1000"
"8979","Mini-Displayport zu VGA  Adapter ","Mini-Displayport zu VGA","\N","95","f","0527","81","\N","2010","40.-"
"8887","DVI zu VGA Adapter","DVI/VGA-Adapter","\N","95","f","1348","81","\N","2008","25"
"7327","ArpDatacon NB Security-Set","Kabelschloss mit T-Kupplung zum kurzfristigen Sichern der meissten Notebooks, Beamer usw.","1 Schluessel","95","f","0887","75","14436","2004","\N"
"7464","MacMini (PlasmaEntree)","Plasma-Entree, ModelNo: A1103, 1.42GHz/512MB/80GB/CMD/AP/BT/SM","OSX 10.5.8","124","f","0762","77","VM5080PPRHS","2005","1260"
"8876","Apple optical Mouse ","Apple optical Mouse USB mit scroll","\N","95","f","0844","72","\N","2008","ca 50,-"
"9213","Corner Mover","4 Corner Mover","\N","95","f","0666","44","\N","2011","\N"
"9032","Lichtstativ","Lichtstativ gross, max 412cm, Aufnahme 35mm, mit Quertraeger","\N","95","f","0368","61","\N","2010","100"
"9038","THE ATER SPOT THT-501","Theaterlicht Spot max 500W, Mod.:THT-501, Lampe GY9 300/500W Halogen","Kabel, Drahtsicherung","95","f","0386","54","\N","2010","\N"
"9216","Office 100, Endziffer 32","+41 61 269 9232,","Netzteil Basisstation","95","t","0693","62","\N","2000","\N"
"9218","Libec Videostativ","Libec video-Stativ TH-950 DV mit Tasche, 55 - 155 cm, bis 4 Kg","Tasche, Platte,","95","t","0704","61","854139","2011","460"
"9217","Libec Videostativ","Libec video-Stativ TH-950 DV mit Tasche, 55 - 155 cm, bis 4 Kg","Tasche, Platte,","95","t","0700","61","854140","2011","460"
"9204","Airport Extreme IHW 07","Airport Extreme, MN:A1354, A-ID 2,4GHz: 109ADD8650EB, E-ID:   24AB81B7DFF2 (Hauptstation open EG)","Netzteil, Manual","153","f","0614","59","6F1022YDAQB","2010","195"
"8930","MB (Elena)","MB 13.3/2.26-CTO, 2.26GHz Intel Core 2 Duo, 4GB, 250GB, SD, PartNr.: Z0GV0005N","DVI-Adapter, Netzteil","95","f","0630","77","450081WE8PX","2010","1250"
"8693","Nikon D80 SLR","AF-S DX 18-70 mm 1:3,5-4,5G IF-ID,10,2 Megapix(effektive Aufloesung) Objektiv SNR:4231425","Ladegeraet, 2Akku, AV-Kabel, USB-Kabel, 8GB SDHC-Card","95","t","1401","48","4517128","2008","1000"
"9219","hama usb2 Cardreader 35 in 1","USB-Cardreader/writer: CF, CF2, MS, MSP, SM, xD, SD, MMC ... ist bei Keramikdrucker","USB-Kabel","95","f","0697","52","\N","2011","\N"
"9221","DELOCK","Kabelschloss mit T-Kupplung zum kurzfristigen Sichern der meissten Notebooks, Beamer usw., ","2 Schluessel","95","f","0773","75","12557","2009","\N"
"9222","Matrox DualHead2Go analog","Matrox DualHead2Go, VGA","USB-Kabel, VGA-Kabel, SW","95","t","0720","66","KFO21197","2011","240"
"9223","SONY SEL 1855","Objektiv 18-55mm, zu Sony - Nex,","\N","95","f","0724","48","2008989","2011","330"
"8785","DELOCK","Kabelschloss mit T-Kupplung zum kurzfristigen Sichern der meissten Notebooks, Beamer usw., ","2 Schluessel,","95","f","1003","75","0794","2009","\N"
"7701","Kensington MicroSaver","Kabelschloss mit T-Kupplung zum kurzfristigen Sichern der meissten Notebooks, Beamer usw., Masterkey bei rasso","1 Schluessel,","95","f","0460","75","SN: 409059","2004","\N"
"9224","THE ATER SPOT THT-501","Theaterspot THT-501, max 500W, GY9,5 halogen 300/500","\N","95","t","0740","54","\N","2010","\N"
"9225","THE ATER SPOT THT-501","Theaterspot THT-501, max 500W, GY9,5 halogen 300/500","\N","95","t","0751","54","\N","2010","\N"
"9226","Mc Crypt Theaterlicht","Mc Crypt Theaterlicht farbig, LED, RGB, DMX-512 in/out","\N","95","t","0769","54","\N","2011","100"
"9227","Mc Crypt Theaterlicht","Mc Crypt Theaterlicht farbig, LED, RGB, DMX-512 in/out","\N","95","t","0770","54","\N","2011","100"
"9228","Mc Crypt Theaterlicht","Mc Crypt Theaterlicht farbig, LED, RGB, DMX-512 in/out","\N","95","t","0778","54","\N","2011","100"
"9229","Mc Crypt Theaterlicht","Mc Crypt Theaterlicht farbig, LED, RGB, DMX-512 in/out","\N","95","t","0787","54","\N","2011","100"
"9230","Brilliant 50/15","leiser Kompressor","\N","95","f","0788","76","\N","2010","\N"
"9231","Moving Head Light","Mc Crypt Moving head light, 30W LED Spot, DMX in/out","\N","95","t","0801","54","\N","2011","300"
"8282","Samsung SS9-2040B","Digital Photo Printer im Hof-WC-Lager!","Netzteil,Einzugfach,Blutoth USB-Dongle, Manual, Photopaper,Toner","95","t","1019","45","BFEYA11883A","2006","\N"
"9029","Lichtstativ","Lichtstativ gross, max 412cm, Aufnahme 35mm, mit Quertraeger, in Licht-Kiste","\N","124","t","0343","61","\N","2010","100"
"9033","Lichtstativ","Lichtstativ gross, max 412cm, Aufnahme 35mm, mit Quertraeger, in Licht-Kiste","\N","124","t","0370","61","\N","2010","100"
"9031","Lichtstativ","Lichtstativ gross, max 412cm, Aufnahme 35mm, mit Quertraeger, in Licht-Kiste","\N","124","t","0366","61","\N","2010","100"
"9028","Lichtstativ","Lichtstativ gross, max 412cm, Aufnahme 35mm, mit Quertraeger, in Licht-Kiste","\N","124","t","0342","61","\N","2010","100"
"9034","Lichtstativ","Lichtstativ gross, max 412cm, Aufnahme 35mm, mit Quertraeger, in Licht-Kiste","\N","124","t","0371","61","\N","2010","100"
"9233","Showtec Theaterlicht","Showtec Par 64, Buehnenscheinwerfer max 1000W, GX16D halogen 1000W, in Licht-Kiste","\N","124","t","0815","54","\N","2010","\N"
"9234","Showtec Theaterlicht","Showtec Par 64, Buehnenscheinwerfer max 1000W, GX16D halogen 1000W, in Licht-Kiste","\N","124","t","0819","54","\N","2010","\N"
"9235","Showtec Theaterlicht","Showtec Par 64, Buehnenscheinwerfer max 1000W, GX16D halogen 1000W, in Licht-Kiste","\N","124","t","0822","54","\N","2010","\N"
"9040","Showtec Theaterlicht","Showtec Par 64, Buehnenscheinwerfer max 1000W, GX16D halogen 1000W, in Licht-Kiste","\N","124","t","0482","54","\N","2010","\N"
"9236","Showtec Theaterlicht","Showtec Par 64, Buehnenscheinwerfer max 1000W, GX16D halogen 1000W, in Licht-Kiste","\N","124","t","0837","54","\N","2010","\N"
"9237","Showtec Theaterlicht","Showtec Par 64, Buehnenscheinwerfer max 1000W, GX16D halogen 1000W, in Licht-Kiste","\N","124","t","0831","54","\N","2010","\N"
"9238","Showtec Theaterlicht","Showtec Par 64, Buehnenscheinwerfer max 1000W, GX16D halogen 1000W, in Licht-Kiste","\N","124","t","0823","54","\N","2010","\N"
"9239","Showtec Theaterlicht","Showtec Par 64, Buehnenscheinwerfer max 1000W, GX16D halogen 1000W, in Licht-Kiste","\N","124","t","0836","54","\N","2010","\N"
"9240","Theaterspot THT-1001","Theaterspot THT-101, max 1000W, GX9,5 halogen 650/1000W, Lichtkiste 02","\N","124","t","0842","54","\N","2010","\N"
"9241","Theaterspot THT-1001","Theaterspot THT-101, max 1000W, GX9,5 halogen 650/1000W, Lichtkiste 02","\N","124","t","0847","54","\N","2010","\N"
"9242","Theaterspot THT-1000","Theaterspot THT-101, max 1000W, GX9,5 halogen 650/1000W, Lichtkiste 02","\N","124","t","0858","54","\N","2010","\N"
"9243","Theaterspot THT-1000","Theaterspot THT-101, max 1000W, GX9,5 halogen 650/1000W, Lichtkiste 02","\N","124","t","0862","54","\N","2010","\N"
"9244","Theater Fluter","Model TS-9802, 240v/500W Halogen, Lichtkiste 02","\N","124","t","0863","54","\N","2010","\N"
"9245","Theater Fluter","Model TS-9802, 240v/500W Halogen, Lichtkiste 02","\N","124","t","0864","54","\N","2010","\N"
"9249","Theater Fluter","Model TS-9803, 240v/1000W Halogen, Lichtkiste 02","\N","124","t","0865","54","\N","2010","\N"
"9250","Theater Fluter","Model TS-9803, 240v/1000W Halogen, Lichtkiste 02","\N","124","t","0866","54","\N","2010","\N"
"9041","Theaterspot THT-1001","Theaterspot THT-101, max 1000W, GX9,5 halogen 650/1000W, Lichtkiste 02","\N","124","t","0490","54","\N","2010","\N"
"9251","DMX EDX4","DMX 4 Kanal-Lichtsteuerung, max 1150W/Kanal, Lichtkiste 02","Euro/CH Adapter","124","t","0893","54","\N","2010","\N"
"9252","DMX EDX4","DMX 4 Kanal-Lichtsteuerung, max 1150W/Kanal, Lichtkiste 02","Euro/CH Adapter","124","t","0881","54","\N","2010","\N"
"9253","DMX EDX4","DMX 4 Kanal-Lichtsteuerung, max 1150W/Kanal, Lichtkiste 02","Euro/CH Adapter","124","t","0882","54","\N","2010","\N"
"9254","DMX EDX4","DMX 4 Kanal-Lichtsteuerung, max 1150W/Kanal, Lichtkiste 02","Euro/CH Adapter","124","t","0884","54","\N","2010","\N"
"9255","DMX EDX4","DMX 4 Kanal-Lichtsteuerung, max 1150W/Kanal, Lichtkiste 02","Euro/CH Adapter","124","t","0886","54","\N","2010","\N"
"9256","DMX EDX4","DMX 4 Kanal-Lichtsteuerung, max 1150W/Kanal, Lichtkiste 02","Euro/CH Adapter","124","t","0888","54","\N","2010","\N"
"8941","EON315","Aktivlautsprecher, 280/560W, XLR Input","\N","95","t","0671","53","VTP0892-06019","2010","700"
"8939","EON315","Aktivlautsprecher, 280/560W, XLR Input","\N","95","t","0667","53","VTP0892-06022","2010","700"
"8938","EON315","Aktivlautsprecher, 280/560W, XLR Input","\N","95","t","0652","53","VTP0892-06923","2010","700"
"8940","EON315","Aktivlautsprecher, 280/560W, XLR Input","\N","95","t","0670","53","VTP0892-06040","2010","700"
"8419","Kompressor Revolution Air","kleiner kompakter Kompressor 8 bar,1.1kW/1.5HP","Luftkompressor, Reifenfueller,Ausblaseausatz,3tlg.Aufblas-Set fuer Reifenfueller,Gummi-Druckluftschlauch Manual","95","f","1145","76","8215060","2007","130"
"8698","Litepanels MiniPlus","Lichtkoffer mit zwei LED-Lichtpanelen fuer mobile Videoaufnahmen;","2xLichtpanele, 2xNetzteile, 2xBasisplatten, 2xBall-Montageadapter (incl.2Schrauben), Montageadapter (Fehlt), 2xMontageverlaengerungen,, 2xkleine Stromkabel(Jumper), 6xVerlaengerungskabel,, 2x16 Filter","95","t","1407","54","22914/20829+22908+20824","2008","2700"
"9215","Sony SEL16F28","Weitwinkelobjektiv E16mm F2.8 bei Sony-Nex 0692","\N","95","f","0688","48","0243698","2010","\N"
"7368","Sony DSC-V1","Sony DSC-V1, Digitale Fotokamera, 5MP, 4XZoom","Netzteil, USB-Kabel, AV-Kabel,  Manual, MemoryStickpro 1GB, 2. Akku","95","t","0632","48","SN: S03723830 ","2004","613.00"
"8192","Hochdruckreiniger","Kaercher Hochdruckreiniger K 2.99M, 340l/h,20-110bar max., 1500 Watt, 6m Kabel","HD-Schlauch, Handspritzpistole, Kupplungsteil f.Wasseranschluss, Stahlrohr mit Variopower Duese","95","t","0564","76","300735","2006","CHF 189,-"
"8937","EON315","Aktivlautsprecher, 280/560W, XLR Input","\N","95","t","0650","53","VTP0892-06043","2010","700"
"9263","USB2 HD 1TB","Elements, USB2 HD 1TB, MNo: WDBABV0010BBK-EESN","USB-Kabel (A/Micro B)","95","t","0924","52","WX31EC0N7323","2011","100"
"9264","USB2 HD 1TB","Elements, USB2 HD 1TB, MNo: WDBABV0010BBK-EESN","USB-Kabel (A/Micro B)","95","t","0944","52","WXJ1A1166417","2011","100"
"9265","USB2 HD 1TB","Elements, USB2 HD 1TB, MNo: WDBABV0010BBK-EESN","USB-Kabel (A/Micro B)","95","t","0949","52","WX11A8067260","2011","100"
"9266","USB2 HD 1TB","Elements, USB2 HD 1TB, MNo: WDBABV0010BBK-EESN","USB-Kabel (A/Micro B)","95","t","0951","52","WXF1A11S3700","2011","100"
"9268","MacAlly","USB-Tastatur","\N","95","t","1213","72","\N","2009","\N"
"7697","Umatic","Sony Umatic Videorecorder PAL/SECAM/NTSC Mod.Nr.:VO-5630 ","\N","116","t","0293","70","SN: 50351","2003","\N"
"9269","OPTOMA EW610ST","3D faehiger Weitwinkelbeamer, 3100 ANSI Lumen,","Fernbedienung, Stromkabel, VGA-Kabel,","95","f","0957","41","Q8JA041AAAAAC0189","2011","1200"
"8677","Ext. HD SATA","Mobile HD 120GB, FW400, USB2.0","FW6/8-Kabel","95","t","1384","52","SN A03300-G50-0386","2008","100"
"9270","Power Adapter fuer Apple","MagSafe 60W  zu MacBookInvNr:.1008","\N","95","f","0379","74","\N","2010","98"
"8627","LaCie d2  quadra 500GB ","LaCie d2, 500GB,FireWire 800/400,USB2.0,eSata ModNr.:3001825EK","Netzteil, FW-Kabel (6/6), FW-Kabel (8/8),USB2-Kabel,eSata-Kabel,Sockel","95","t","1342","52","581600297","2008","190"
"8202","LaCie d2","LaCie d2, 800GB, USB2/FW400/FW800, ModNr.:300796EK","Netzteil","95","t","0968","52","461001402","2006","700"
"8151","LaCie mobile Drive 80GB","externe Festplatte ohne Netzteil,  FireWire400, 80 GB, vorgesehen fuer kurzfristiges Backup","\N","95","t","0544","52","SN: ","2004","359.-"
"8851","Ext HD LaCie 500GB","LaCie ext HD 500 GB,  FW 400, USB2.0, eSATA","Netzteil","95","t","0155","52","1221905211277QR","2009","100"
"8502","ADVC 110 (Station 2)","ADVC 110, xt. Videokarte zu Station 2, analog in/out","\N","95","f","1230","66","138563","2007","500"
"9093","EDIROL V8 Videomixer","8 - Kanal Video Mixer,","Netzteil, 4 BNC-Stecker, Manual,","95","t","0240","44","ZY95863","2010","2500"
"7359","Canon XL1","Digitale Highend Videocamera, Mini DV (DVC), 16fach opt. Zoom, 32fach digi. Zoom, 3x 1/3 Zoll Chip mit 320000 Pixel, Link: http://www.canon.ch/d/prod/dyn/tech.cfm?typeID=2&TypeSubID=79&ID=20","3 Accus (2700mAh), Netz- und Ladegeraet, Firewirekabel(6/4), 5.5-88 mm Objektiv, Schulterpolster, Sep. Viewer, Stereo-Micro, SV-Kabel, AV-Kabel","95","t","0182","65","\N","2000","\N"
"9272","VGA- Kamera","VGA- Kamera, Composit-Out, 12V","\N","95","t","0958","67","\N","2000","0"
"9271","VGA- Kamera","kleine VGA-Kamera, integrierte LED, Composit- und S-Video out, 12V, ideal fuer tests, installationen usw","sehr langes Kabel","95","t","0959","67","0","2000","0"
"7693","VGA Dome-Kamera","Montageeinheit mit 4 CCDs, AV-Kabel, ModNr:V-DOME4-RAW-CL, 12V","\N","95","t","0399","67","SN: E01100045","2003","\N"
"8215","Videosplitter 8","VGA Videosplitter 8fach  ","Netzteil","95","t","0984","66","\N","2006","270,-"
"7652","Kensington MicroSaver","Kabelschloss mit T-Kupplung zum kurzfristigen Sichern der meissten Notebooks, Beamer usw., Masterkey bei rasso","1 Schluessel","95","f","0465","75","SN: 426099","2004","\N"
"8485","MB 13","13 Zoll, 2.16GHz, IntelCore2Duo, 2GB , 250 GB-HD, SD, white, MNr.: MB062SM/A, Akku neu am 16.05.2011","Netzteil, SW","95","f","1234","77","W8728EBKYA3","2007","\N"
"7857","Nikon D90 Kameraset","Nikon D90 (0860), Nikon Speedlight SB-900 (0861), Nikkor Zoom Objektiv 16-85mm (0912) und 70-300mm (0946)","Nikon D90 (0860) 2 Akkus, Nikon Speedlight SB-900 (0861), Nikkor Zoom Objektiv 16-85mm (0912) und 70-300mm (0946),USB-Kabel, Tasche, Manual, Remote ML-L3 (1248), Gorillapod (0214), 4 Batterien AA,","95","t","0277","48","\N","2009","3000"
"8091","Benq FP931","\N","\N","95","f","0948","80","ETT5502880SL0","2005","350"
"8726","BenQ E2200HD","LCD Monitor, Full HD, 1920x1080, Contrast 1000:1, PN: 9H.Y3VLN.IBE, inputs: VGA/DVI/HDMI, ","\N","95","f","1437","80","ET8A803691026","2008","300"
"7911","Festo-Schiene 800","800 mm Schiene zu Festo Handkreissaege","\N","95","t","1078","76","\N","2002","100.-"
"8107","30 meter VGA-Kabel","30 meter VGA-Kabel","\N","95","t","0056","44","\N","2005","88"
"7904","USB Tastatur","USB Tastatur","\N","95","f","0223","72","\N","0","\N"
"9281","USB Tastatur","USB Tastatur","\N","95","t","1228","72","\N","2006","\N"
"9282","LaCie 1TB USB, FW","1 TB Desktop, USB 3.0, FW 800,","Netzteil, USB-Kabel, FW-Kabel,","95","t","0961","52","13081105110640EMA","2011","150"
"9283","LaCie 1TB USB, FW","1 TB Desktop, USB 3.0, FW 800,","Netzteil, USB-Kabel, FW-Kabel,","95","t","0065","52","13081105110641EMA","2011","150"
"9284","LaCie 1TB USB, FW","1 TB Desktop, USB 3.0, FW 800,","Netzteil, USB-Kabel, FW-Kabel,","95","t","0086","52","13081105110636EMA","2011","150"
"9285","LaCie 1TB USB, FW","1 TB Desktop, USB 3.0, FW 800,","Netzteil, USB-Kabel, FW-Kabel,","95","t","0082","52","13081105110645EMA","2011","150"
"9286","LaCie 1TB USB, FW","1 TB Desktop, USB 3.0, FW 800,","Netzteil, USB-Kabel, FW-Kabel,","95","t","0070","52","13081105110637EMA","2011","150"
"9289","LaCie 1TB USB, FW","1 TB Desktop, USB 3.0, FW 800,","Netzteil, USB-Kabel, FW-Kabel,","95","t","0112","52","13081105110169EMA","2011","150"
"9291","LaCie 1TB USB, FW","1 TB Desktop, USB 3.0, FW 800,","Netzteil, USB-Kabel, FW-Kabel,","95","t","0108","52","13081105110167EMA","2011","150"
"9211","Apple MagicMouse LAGER","Apple MagicMouse, Bluetoooth,","\N","95","f","0662","72","8B018F238DZTA","2010","80"
"9294","AXIS Webcam 2100","\N","\N","95","t","0009","67","\N","2003","\N"
"7601","Genelec Aktivboxen Set","2 Stueck Aktivboxen, Mod. Genelec 1029A, Subwoofer Genelec (0114) 40 W, 2 Stative (0915), Input XLR/Jack, Sub-Out Jack","Stromkabel, Anschlusskabel, Stative (0915)","95","t","0247","53","\N","2003","620"
"7864","SP-120 Lagerlautsprecher","Computerboxen inkl. Verstaerker, 2 X ca 10 W","\N","95","f","0228","53","\N","0","\N"
"7741","Canon S95 (Regine)","Canon S95, 10MP, 4:3, ","4 GB SD-Karte, Rest unbekannt","120","f","0679","48","093031005157","2011","500"
"8933","USB2 HD 500GB SW","LaCie Petit USB2 HD 500GB, BU SoftwareSpeicher","USB-Kabel","95","f","0634","52","12901002053384K","2010","100"
"7960","Subwoofer Genelec Soundsystem","Subwoofer zu 0247 Genelec Soundsystem","Stromkabel 2x XLR-Kabel Jack-Kabel","95","f","0114","53","\N","2000","\N"
"9299","10 meter VGA-Kabel","10 meter VGA-Kabel","\N","95","f","0962","44","\N","2011","20"
"9300","10 meter VGA-Kabel","10 meter VGA-Kabel","\N","95","f","0973","44","\N","2011","20"
"9302","10 meter VGA-Kabel","10 meter VGA-Kabel","\N","95","f","0965","44","\N","2011","20"
"9303","Mini-DVI zu VGA  Adapter ","Mini-DVI zu VGA Adapter","\N","95","f","1020","81","\N","2011","30"
"9304","Mini-DVI zu VGA  Adapter ","Mini-DVI zu VGA Adapter","\N","95","f","0990","81","\N","2011","30"
"9305","Mini-DVI zu VGA  Adapter ","Mini-DVI zu VGA Adapter","\N","95","f","0983","81","\N","2011","30"
"9306","Mini-DVI zu VGA  Adapter ","Mini-DVI zu VGA Adapter","\N","95","f","1021","81","\N","2011","30"
"9307","10 meter VGA-Kabel","10 meter VGA-Kabel","\N","95","f","1022","44","\N","2011","20"
"8856","Mini-DVI zu VGA Adapter","Mini-DVI zu VGA Adapter, fuer powerBook 12"", MacBook weiss/schwarz, MacMini (early 2009), iMac (bis 2008)","\N","95","t","0162","81","\N","2009","39"
"7725","ArpDatacon NB Security-Set","Kabelschloss mit T-Kupplung zum kurzfristigen Sichern der meissten Notebooks, Beamer usw., kein Masterkey","2 Schluessel","95","f","0519","75","SN: 14416","2004","\N"
"9310","Mini-Displayport zu DVI  Adapter ","Mini-Displayport zu VGA Adapter, (MacBook Pro)","\N","95","f","0653","81","\N","2010","40.-"
"9312","NVIDIA 3D Vision Brille","NVIDIA 3D Vision Brille mit Schutzbeutel, verstellbarem Mittelstueck und Mikrofaser- Reinigungstuch","NVIDIA 3D Vision Brille, Schutzbeutel, NVIDIA 3D Vision USB- Controller/IR- Sender, 1,5 m Kabel VESA Stereo auf 2,5 mm Stereo Audiostecker, 3 m Kabel DVI auf HDMI, 3 m Kabel USB 2.0 Typ A auf Mini-B, 1,8 m Ladekabel, Kurzanleitung, Installations-CD","95","t","1046","44","\N","2011","160"
"9313","NVIDIA 3D Vision Brille","NVIDIA 3D Vision Brille mit Schutzbeutel, verstellbarem Mittelstueck und Mikrofaser- Reinigungstuch","NVIDIA 3D Vision Brille, Schutzbeutel, NVIDIA 3D Vision USB- Controller/IR- Sender, 1,5 m Kabel VESA Stereo auf 2,5 mm Stereo Audiostecker, 3 m Kabel DVI auf HDMI, 3 m Kabel USB 2.0 Typ A auf Mini-B, 1,8 m Ladekabel, Kurzanleitung, Installations-CD","95","t","1047","44","\N","2011","160"
"9314","Apple Magic Trackpad","Model A1339","\N","95","f","1028","72","MC3802/A","2011","83"
"9315","Apple Magic Trackpad","Model A1339","\N","95","f","1048","72","MC3802/A","2011","83"
"9316","iMic","Hi-Resolution USB-Audio-Digitalisierung","3,5mm zu Stereo-RCA Kabel","95","f","1077","40","\N","2011","42"
"9317","iMic","Hi-Resolution USB-Audio-Digitalisierung","3,5mm zu Stereo-RCA Kabel","95","f","1106","40","\N","2011","42"
"9320","DVI/HDMI - Kabel","DVI/HDMI - Kabel","\N","95","f","1200","44","\N","2011","\N"
"8950","Xenix X1204","Behringer Mischpult Xenix X1204 usb","Manual","95","t","0742","40","S0901633A0H","2010","250"