"8394","Audioset","Koffer mit Aktivboxen (18W) und Mischpult fuer mobile Audioinstallation","Aktivboxen M-Audio (1122), Mischpult (0096) Netzteil, 2x Chinch/ Jack-Kabel, 1 Lautsprecherkabel, 1x Chinch/Minijack-Kabel, 2 Adapter Chinch/Jack, ","95","t","1129","42","\n","2007","\n"
"7641","Kensington MicroSaver","Kabelschloss mit T-Kupplung zum kurzfristigen Sichern der meissten Notebooks, Beamer usw., Masterkey bei rasso","2 Schluessel,","95","f","0464","75","SN: 457087","2004","\n"
"7369","Kensington MicroSaver","Kabelschloss mit T-Kupplung  Masterkey bei rasso","1 Schluessel,","95","f","0454","75","SN: 583066","2004","\n"
"7702","Kensington MicroSaver","Kabelschloss mit T-Kupplung zum kurzfristigen Sichern der meissten Notebooks, Beamer usw., Masterkey bei rasso","2 Schluessel,","95","f","0492","75","SN: 486099","2004","\n"
"8407","Kensington MicroSaver","Kabelschloss mit T-Kupplung zum kurzfristigen Sichern der meissten Notebooks, Beamer usw., Masterkey bei rasso","2 Schluessel, ","95","f","1142","75","SN: 551059","2004","\n"
"7419","Kensington MicroSaver","Kabelschloss mit T-Kupplung zum kurzfristigen Sichern der meissten Notebooks, Beamer usw., Masterkey bei rasso","2 Schluessel,","95","f","0469","75","SN: 568068","2004","\n"
"7703","Kensington MicroSaver","Kabelschloss mit T-Kupplung, Masterkey bei rasso","2 Schluessel,","95","f","0493","75","SN: 555003","2004","\n"
"9179","TripleHead2Go Digital Edition","Externe Matrox Grafikkarte zur Erweiterung auf max 3 Monitore, DVI (digital edition), MN.: T2G-D3D-IF","Ext. Karte, DVI-Kabel, VGA-Kabel, USB-Kabel, Software, (DVI-Kabel G. Horst)","95","t","0416","66","KFN70038","2011","\n"
"8782","Akkubohrer Makita","12V, 2.6Ah, 13mm, bleibt bei Mauro","Koffer, 2 Akkus, Ladegeraet, Bitset","95","f","0050","76","\n","2009","350"
"8479","Akkubohrer Makita (klein)","12V Akkubohrer, 10mm","2. Akku, Ladegeraet, Koffer, Bohrersatz, Bitsatz","95","t","1207","76","0953249","2007","\n"
"8784","TripleHead2Go","Externe Matrox Grafikkarte zur Erweiterung auf max 3 Monitore, VGA (analog edition), MN.: T2G-A3A-F","Ext. Karte, Netzteil, Software und Manual (CD)","95","t","0053","66","KFJ71006","2009","350"
"9325","Hitachi CPX1","kleiner mobiler beamer, permanent bei Max","Stromkabel, VGA-Kabel, DVI/VGA-Adapter, Tasche","95","t","1049","41","F7FE07802","2009","900"
"9298","20 meter VGA-Kabel","20 meter VGA-Kabel","\n","95","t","0966","44","\n","2011","40"
"9296","20 meter VGA-Kabel","20 meter VGA-Kabel","\n","95","t","0982","44","\n","2011","40"
"9295","20 meter VGA-Kabel","20 meter VGA-Kabel","\n","95","t","0974","44","\n","2011","40"
"9262","20 meter VGA-Kabel","20 m VGA Kabel","\n","95","t","0923","44","\n","2010","\n"
"8328","ext HD LaCie 160GB","LaCie HD, 500GB, FW400","Netzteil, Stromkabel, FireWire6/6","95","t","1069","52","1045610121209FR","2006","153,-"
"8390","USB Tastatur (Apple)","Apple USB Tastatur, ","\n","95","t","1126","72","\n","2006","\n"
"9326","Enttec DMX USB PRO","Enttec DMX USB PRO Interface, 5V","USB-Kabel, 2x 5/3 Male, 2x 5/3 Female, Manual","95","t","1086","40","2080108","2011","200"
"9327","HP Deskjet 1000","HP Color Inkjet Drucker","Netzteil, USB-Kabel,","95","f","1146","45","CN09A25Q7s","2011","\n"
"9329","HDMI-Kabel 15m","HDMI 15m","\n","95","t","1184","44","\n","2011","\n"
"8327","ext HD LaCie 500GB","LaCie HD 500GB, FW400","Netzteil, Stromkabel, FireWire","95","t","1068","52","10456101221264FR","2006","153,-"
"9257","Sennheiser HD 435","Sennheiser HD 435","Sack, Adapter miniJack/Jack","133","f","0199","69","\n","2009","\n"
"9330","HDD-Tool","Anschlusstool fuer 2.5 und 3.5 HDD, S-ATA/S-ATA2/IDE-USB2 Adapter inkl. Energie","Netzteil, Flachkabel, USB-Kabel","95","f","0520","76","\n","2008","\n"
"8932","USB2 HD 500GB SW","NICHT VERLEIHEN! Master und SWSpeicher","NICHT VERLEIHEN! Master MacBook und Pro mit OSX10.6.3, CS4, div. Utilities, MSOffice08, ARD - USB-Kabel - 2.Part Softwarespeicher","95","f","0633","52","12901002052672K","2010","100"
"9331","USB2 HD 100GB","USB2 HD","\n","95","t","0643","52","\n","2010","\n"
"8882","Reflektor (Silber)","Reflektor (Silber/schwarz, gewendet Gold/Weiss)","Tasche","95","t","0907","54","\n","2009","140"
"8306","VS88V translearn","8x8 Video Matrix Switcher, ","\n","95","f","0632","44","\n","2006","\n"
"8697","Litepanels MiniPlus","Lichtkoffer mit zwei LED-Lichtpanelen fuer mobile Videoaufnahmen;","2 Lichtpanele, 2 Netzteile, 2Basisplatten, 2Ball-Montageadapter(incl.2Schrauben), 1Adapter,, 2 Montageverlaengerungen,, 2 kleine Stromkabel(Jumper), 6 Verlaengerungskabel, 2x16 Filter","95","t","1406","54","22913/20825+22910/20810","2008","2700"
"9332","Fujifilm Finepix X100 ","Fujifilm FinePix X100 (Reporterkamera), 12MP, opt. Sucher, 3/2, jpeg/raw/mov, F2,0/35mm","Netzteil, Stromkabel, 4GB SD-card","95","f","1204","48","120752237447","2011","1050"
"9321"," Fujifilm FinePix X100","Fujifilm FinePix X100 (Reporterkamera), 12MP, opt. Sucher, 3/2, jpeg/raw/mov, F2,0/35mm","16 GB SD, Ladegeraet, 2Akkus, Manual, Etui","95","t","1218","48","12m06108","2011","1300"
"9081","Sony Nex-5 Set","Sony Alpha Nex-5, CSC Kamera, 14MP, Wechselobjektiv, HD-Video (1.920 x 1.080) in AVCHD","Objektiv 18-55mm, 2 Akkus NP-FW50, Ladegeraet, Mikrofon, Blitz, Manual, USB-Kabel, Body Case, 16GB SDHC-Card","95","f","0217","48","4712458","2010","1350"
"7254","Sony Handycam DCR-PC330E","kompakte Handycam, mini-DV, USB, Firewire","Lade/Netzgeraet, 3Akkus (FM30/50), 1GB Memorystick, Firewire-Kabel (4/6), USB-Kabel, Weitwinkelobektiv","95","t","0362","65","SN: SO110715055","2003","2216,90"
"9064","LaCie 320GB","Ext. Harddrive, 320 GB, FW800, FW400, USB2,","\n","95","t","1293","52","12038023144QR","2008","240"
"8902","JVC GC-FM1","JVC GC-FM1, SD-Camcorder, HD-Format/MPEG-4 bis 1440x1080, Foto 8MP","Manual, USB-Kabel, AV-Kabel","95","t","0830","65","GC-FM1BEU154G5999","2009","250"
"9214","Sony NEX - VG10E","Digitale HD-Kamera, Exmor HDV CMOS, 1920 x 1080, Fotomodus 14Megapix, 18-55mm Objektiv,","Netzteil, Ladegeraet, 2 Akkus (1xNP-FV70, 1xNP-FV100) USB-Kabel, HDMI-Kabel, Gegenlichtblende, Augenmuschel, 32 GB SD-Card, Windschutz, Manual, Weitwinkelobjektiv 16mm (Inv.Nr.0688)","120","f","0674","65","21102","2011","1400"
"7835","Mikrofongalgen","Mikrofongalgen 3,80m","\n","95","t","0303","61","\n","2003","\n"
"9008","Lautsprecherstativ adam hall","Lautsprecherstativ, Plexwerk","\n","95","t","0311","61","\n","2010","\n"
"9120","Panasonic PT-FW300E","LCD-Beamer Panasonic PT-FW300E, installiert in Kursraum, 3500 Ansi, Aufloesung WXGA, Kontrast 600:1, 0000h/15.11.2010","Netzkabel, Manual, Remote","128","f","0314","41","SC0520103","2010","3000"
"8646","M1 Active 320 USB","Aktive Boxen, 2x10Watt, analog und usb in","Stromkabel, USB-Kabel, Miniklinke","95","f","1356","53","A40710108900445","2008","180"
"8737","Audioset","Koffer mit Aktivboxen (18W) und Mischpult fuer mobile Audioinstallation","Aktivboxen Alesis (1355), Mischpult (0075), Netzteil, Stromkabel, 1x Jack-Kabel, Verbindungskabel Boxen, 2 Adapter Jack/Cinch, Chinch/ Stereo.Minijack.Kabel,","95","t","1128","42","\n","2007","\n"
"8644","M1 Active 320 USB","Aktive Boxen, 2x10Watt, analog und usb in, Teil von Audioset 1128","Stromkabel, USB-Kabel, Miniklinke","95","f","1355","53","A40710108900444","2008","180"
"9335","Pioneer  A-109","Stereo Amplifier, 2x40W/8Ohm, Vortragsraum","\n","118","f","1281","42","KDMP051194YY","2011","185"
"8968","USB-Maus","mit drei Tasten und Scroll","\n","95","t","0509","72","\n","2010","\n"
"8682","Sony Aktivboxen","2Stk. Sony Aktivboxen SRS-A205, 2X5Watt","\n","95","t","0901","53","\n","2005","60"
"9336","Timer/Ausloeser DCCS","Programmierbarer Timer/Ausloeser zu SLR (digitalen Spiegelreflex Kamera)","Adapter zu Nikon D80, Adapter zu Nikon D90, Tasche, Manual","95","t","1051","48","\n","2011","80"
"8009","HP Laserjet 4050TN","ModNr.: C4254A, IP: 192.168.1.28, PW: hyp0105","Stromkabel Infrarotschnittstelle","95","f","0105","45","NL7CO10459","2000","\n"
"8318","MiniVGA  Adapter","fuer PB 12,MacBook","\n","95","f","1044","81","\n","2006","40.-"
"8008","A&K","Ecolux 250","Stromkabel, Osram 64655 (EHJ) 24V/250W","95","f","0106","49","\n","2000","\n"
"9338","Sony-Kopfhoerer MDR-V150","\n","Minijack-jack","95","f","1090","69","\n","2011","34.00"
"9339","Sony-Kopfhoerer MDR-V150","\n","Minijack-jack","95","f","1149","69","\n","2011","34.00"
"9344","Sony-Kopfhoerer MDR-V150","\n","Minijack-jack","95","f","1257","69","\n","2011","34.00"
"8751","Sony-Kopfhoerer MDR-V150","\n","Minijack-jack","95","f","1213","69","\n","2007","34.00"
"9347","WD Elements","ext HD 1TB, USB 2.0","USB-Kabel, Netzteil","95","t","1097","52","WCAV5N106024","2011","65"
"9349","WD Elements","ext HD 1TB, USB 2.0","Netzteil, USB-Kabel,","95","t","1181","52","WCAV5M919527","2011","65"
"9350","WD Elements","ext HD 1TB, USB 2.0","Netzteil, USB-Kabel,","95","t","1195","52","WCAV5M853818","2011","65"
"9351","WD Elements","ext HD 1TB, USB 2.0","Netzteil, USB-Kabel,","95","t","1215","52","WCAV5N120804","2011","65"
"8704","Manfrotto 755BK  Videostativ","grosses, stabiles Videostativ,","Platte,Tasche","95","t","1413","61","\n","2008","688"
"9348","WD Elements","ext HD 1TB, USB 2.0 enthaelt Daten fuer Cathrine: BachUp Interviews 2011, R.Salzgeber (05.09.2011)","Netzteil, USB-Kabel,","95","f","1156","52","WCAV5M853771","2011","65"
"9352","My Book 1.5TB","HD WD My Book Studio Edition 3.5, USB2/FW800, 1.5TB","\n","95","t","1243","52","WMAZA3219940","2011","120"
"9353","LACIE","\n","\n","95","t","1171","52","\n","2005","\n"
"9354","Mini-Displayport zu VGA  Adapter ","Micro-Displayport zu VGA Adapter, (MacBook Pro)","\n","95","f","1277","81","\n","2011","40.-"
"9355","Mini-Displayport zu VGA  Adapter ","Micro-Displayport zu VGA Adapter, (MacBook Pro)","\n","95","f","1288","81","\n","2011","40.-"
"9356","Mini-Displayport zu VGA  Adapter ","Micro-Displayport zu VGA Adapter, (MacBook Pro)","\n","95","f","1285","81","\n","2011","40.-"
"9357","Mini-Displayport zu VGA  Adapter ","Micro-Displayport zu VGA Adapter, (MacBook Pro)","\n","95","f","1289","81","\n","2011","40.-"
"8999","Sony HDR-HC9E","HDV1080i, HDV/DV,10xoptisch, 20xDIGITAL-ZOOM/CMOS","Netzteil, 3Akkus (NP-FH60/50),  Fernbedienung, AV-Kabel, Komponetenvideo-Kabel, Firewire-Kabel(4/9), USB-Kabel, 8GB Memory Stick","95","t","0599","65","150483","2010","1300"
"9358","Mini-Displayport zu VGA  Adapter ","Micro-Displayport zu VGA Adapter, (MacBook Pro)","\n","95","f","1304","81","\n","2011","40.-"
"9010","Lautsprecherstativ adam hall","Lautsprecherstativ, Plexwerk","\n","95","f","0321","61","\n","2010","\n"
"9009","Lautsprecherstativ adam hall","Lautsprecherstativ, Plexwerk","\n","95","f","0313","61","\n","2010","\n"
"9220","Belkin Switch2","VGA Switch (2 Rechner->1 Monitor)","Switch-Knopf","95","t","0707","66","\n","2011","50"
"9359","Belkin Switch2","VGA Switch (2 Rechner->1 Monitor)","Switch-Knopf","95","t","1324","66","\n","2011","50"
"9261","iPad2 16GB","Part.No.: PC979FD/A WIFI 16GB White, 16GB","Netzteil/ Kabel, Second Skin, SmartCover,","95","f","0921","77","DLXFJBD6KPH","2011","550"
"9360","Zyxel 24Port Switch","Zyxel 24Port Switch, ModNr.: WS1100-24","\n","95","f","1466","59","\n","2011","65"
"9361","Zyxel 24Port Switch","Zyxel 24Port Switch, ModNr.: WS1100-24","\n","95","f","1467","59","\n","2011","65"
"9362","Zyxel 24Port Switch","Zyxel 24Port Switch, ModNr.: WS1100-24","\n","95","f","1468","59","\n","2011","65"
"9363","Zyxel 24Port Switch","Zyxel 24Port Switch, ModNr.: WS1100-24","\n","95","f","1469","59","\n","2011","65"
"9047","iPad IHW 16GB","Part.No.: MB292FD/A, IPAD, WI-FI, 16GB-FRD","Netzteil/Kabel, Second Skin","95","t","0481","77","V50322WRZ38","2010","650"
"9055","iPad IHW 16GB","Part.No.: MB292FD/A, IPAD, WI-FI, 16GB-FRD","Netzteil/Kabel, Second Skin,","95","t","0472","77","GB032UVWZ38","2010","650"
"9069","iPad IHW 16GB","Part.No.: MB292FD/A, IPAD, WI-FI, 16GB-FRD","Netzteil/Kabel, Second Skin,","95","t","0190","77","GB035247Z38","2010","650"
"9054","iPad IHW 16GB","Part.No.: MB292FD/A, IPAD, WI-FI, 16GB-FRD","Netzteil/Kabel, Second Skin,","95","t","0410","77","GB032VVKZ38","2010","650"
"8866","BenQ G2220HD Lager","22' LCD Monitor, max 1920x1080@60Hz","\n","95","f","0920","80","ETP3906814SL0","2009","190"
"9052","iPad IHW 16GB","Part.No.: MB292FD/A, IPAD, WI-FI, 16GB-FRD","Netzteil/Kabel, Second Skin","95","t","0479","77","GB032T0PZ38","2010","650"
"8990","USB2 HD 500GB","LaCie Petit USB2 HD 500GB","USB-Kabel","96","f","0554","52","12961005061516K","2010","100"
"9364","Airport Extreme IHW 08","Airport Extreme, MN:A1408, A-ID 2,4GHz: B8C75D0840F9, E-ID:   B8C75D0840FA (Relaisstation open Vortragsraum BSH)","Netzteil, Manual","118","f","1345","59","C86FTCN0DM72","2011","195"
"7757","Sony Dat Tape Deck DTC-ZE700","Sony Dat Tape Deck DTC-ZE700","\n","133","f","0687","42","SN: 507021","0","\n"
"8339","DVD/VHS Player","LG DVD/VHS/VCR Player","Fernbedienung","98","f","1074","46","504INEW211236","2006","269"
"9096","Airport Extreme IHW 02","Airport Extreme, MN:A1143, E-ID: 00:16:CB:C4:43:57, A-ID: 00:19:E3:FC:17:2B","Netzteil","98","f","0254","59","6F7141K6VYS","2008","230"
"8873","Cone 2","Cone 2, komplett, ohne Beamer (Toshiba TDP-D2)","Rechner, Gestell, div. Kabel, Kaesebrett, Cone-Ballon, Dokumappe, SW-CD","115","f","0808","44","\n","2009","1000"
"8874","Cone 1","Cone 1, komplett, ohne Beamer (Toshiba TDP-D2)","Rechner, Gestell, div. Kabel, Kaesebrett, Cone-Ballon, Dokumappe, SW-CD","115","f","0811","44","\n","2009","1000"
"8875","Cone 3","Cone 3, komplett, ohne Beamer (Toshiba TDP-D2)","Rechner, Gestell, div. Kabel, Kaesebrett, Cone-Ballon, Dokumappe, SW-CD","115","f","0812","44","\n","2009","1000"
"7552","hp color Laser Jet 3700","hp color Laser Jet 3700, ModNr.: Q1324A, HostName:Spiga-6, AT-Name:spiga-6, IP:10.194.194.242, PW:hyp0746","\n","98","f","0746","45","CNBC000763","2004","\n"
"8696","EUROLIVE Behringer B12","2x Eurolive Boxen 500 Watt","2 Stative Proel","98","f","1405","53","S0803007326/S08300432","2000","\n"
"9117","Panasonic PT-FW300E","LCD-Beamer Panasonic PT-FW300E, 3500 Ansi, Aufloesung WXGA, Kontrast 600:1, 0697/08.06.2011","Netzkabel, Manual, Remote","98","f","0308","41","SC0520100","2010","3000"
"7568","Sony Mix/Amp","Sony Mix/Amp SRP-X351SP","\n","98","f","1292","42","\n","2000","\n"
"8921","Lichtbildwand Starlux","grossse Lichtbildwaende s/w","Leinwand ohne Stativ","98","f","0917","44","\n","2006","150,-"
"9138","TULUX","Buero Stehleuchte 4x55 Watt","\n","142","f","0360","54","\n","2010","450"
"9145","TULUX","Buero Stehleuchte 4x55 Watt","\n","115","f","0500","54","\n","2010","450"
"9143","TULUX","Buero Stehleuchte 4x55 Watt","\n","115","f","0468","54","\n","2010","450"
"9144","TULUX","Buero Stehleuchte 4x55 Watt","\n","115","f","0487","54","\n","2010","450"
"9139","TULUX","Buero Stehleuchte 4x55 Watt","\n","115","f","0376","54","\n","2010","450"
"9137","TULUX","Buero Stehleuchte 4x55 Watt","\n","143","f","0341","54","\n","2010","450"
"9140","TULUX","Buero Stehleuchte 4x55 Watt","\n","116","f","0408","54","\n","2010","450"
"9365","Videobotschafter","Videobotschafter Installation mit Flightcase und diverser Hardware, verm. tryplex Sortiment","0063, 0911, 0097, 0092, 0119, 1361, 1254","124","t","1297","44","\n","2011","\n"
"9293","sandsack-Videobotschafter","Sandsack, bei Videobotschafter InvNr: 1297 verbaut","\n","95","f","0097","61","\n","2011","\n"
"8754","Kopfhoerer-Videobotschafter","Kopfhoerer, bei Videobotschafter InvNr: 1297 verbaut","\n","95","f","0063","69","\n","2003","\n"
"8901","Kopfhoerer-Videobotschafter","Kopfhoerer, bei Videobotschafter InvNr: 1297 verbaut","Minijack-jack","95","f","0911","69","\n","2005","34.00"
"9292","sandsack-Videobotschafter","Sandsack, bei Videobotschafter InvNr: 1297 verbaut","\n","95","f","0092","61","\n","2011","\n"
"8783","Black Pearl-Videobotschafter","AMDx4 Phenom 2.80Ghz, 2x 2GB Ram, 2x Gainward GTX 260 896MB, 2x 500GB HD, Combo Blue-Ray, bei Videobotschafter InvNr: 1297 verbaut","Win XP, Spezial Stromkabel","95","f","0119","50","\n","2009","2200"
"9334","Keysonic CK-540 RF+ Videobotschafter","Kabellose Mini-Tastatur mit integriertem Smart-Touchpad, 2,4 GHz Funkuebertragung bis ca. 10 m EntfernungSandsack, bei Videobotschafter InvNr: 1297 verbaut","USB-Empfaenger","95","f","1254","72","\n","2008","\n"
"8355","Public iMac Sitzungszimmer","Workstation Sitzungszimmer, iMac20 intel, 2 Partitionen (10.4/10.5), intelCoreDuoll/2.16GHz/2.0GB/250GB/Super, Hostname BA14EC36002 ","OSX.5, FCproHD, MAxxon, MSOffice, CS3, LogicPro, Parallels, AppleMous InvNr1101, AppleTast. InvNr0805","95","f","1093","77","W8638330VUV","2006","2264"
"7620","Aktive Monitor (Station 2)","Genelec Aktive Monitor 1029A, 80W, XLR/1/4 Klinker Input, (Station 2), missing seit ca 10.09.2011","Netzkabel","122","f","0276","53","SN: 1029A PM6094442","2003","620"
"9095","Airport Extreme IHW 01","Airport Extreme, MN:A1143, E-ID: 00:16:CB:C3:14:7D, A-ID: 00:19:E3:FA:7B:75","Netzteil, Manual","95","f","0249","59","6F7110LSVYS","2008","230"
"7460","QuickCam Messenger","nur PC PN.:861040-0000, http://www.logitech.com/index.cfm?page=downloads/software&CRID=307&CONTENTID=5041&countryid=16&languageid=4","\n","95","t","0175","67","SN: LZA11709263","2000","\n"
"7285","Sony Aktivboxen","2Stk. Sony Aktivboxen SRS-A205, 2X5Watt","\n","95","t","0903","53","\n","2005","60"
"8094","Compaq tc4200 ","HP Tablet-Rechner, Compaq tc4200","WIN XP, (Stift fehlt), Netzteil","95","t","0950","50","CND532031L","2005","2835"
"7305","Toshiba TDP-D2","2500 ANSI, 884h/14.10.2011","Fernbedienung, VGA-Kabel, Stromkabel","95","t","0682","41","55330703","2004","2985.30 SFR"
"7571","Schweizer CH-77 AF","leicht, gut, hoch, teuer. Stativ-ModNr.:CF-75K70/2, Platte 202242","Tasche, Spinne","95","t","0718","61","\n","2004","1790"
"8606","Airport Extreme IHW 03","Airport Extreme, MN:A1143, A-ID: 00:1E:52:7B:E7:2C, E-ID: 00:1F:5B:01:49:26","Netzteil, Manual","95","f","1326","59","6F8103DKYEW","2008","230"
"9366","Airport Extreme IHW 10","Airport Extreme, MN:A1408, E-ID: BB:C7:5D:C7:5C:30, A-ID 2,4GHz: BB:C7:5D:04:77:ED, A-ID 5GHz: BB:C7:5D:04:77:EE","Netzteil","104","f","1306","59","C86FTAH1DM72","2011","180"
"9367","Airport Extreme IHW 11","Airport Extreme, MN:A1408, E-ID: BB:C7:5D:C7:2D:EA, A-ID 2,4GHz: BB:C7:5D:02:3F:47, A-ID 5GHz: BB:C7:5D:02:3F:48","Netzteil","145","f","1308","59","C86FT2ZDM72","2011","180"
"8214","Schluessel Videostudio","Schluessel fuer Videostudio BSH 3. OG","Schluessel fuer Videostudio BSH 3. OG","95","t","0978","79","\n","2006","\n"
"7306","Mikrofon Philips SBC MD695","Dynamic microphone, Polar pattern Unidirectional, 600 Ohm, benoetigt Phantomspeisung","Tischstativ, XLR-Kabel","95","t","0295","55","\n","2003","\n"
"9368","Airport Extreme IHW 12","Airport Extreme, MN:A1408, E-ID: BB:C7:5D:C7:79:06, A-ID 2,4GHz: BB:C7:5D:08:E6:7F, A-ID 5GHz: BB:C7:5D:08:E6:80","Netzteil","97","f","1301","59","C86FTEZFDM72","2011","180"
"9370","Kobold Lumax","Kaltlichtflaechen","Stativaufsatz, Netzteil","110","f","1320","54","\n","2011","\n"
"7777","Kobold Lumax","Kaltlichtflaechen","Stativaufsatz, Netzteil","110","f","0628","54","\n","2004","\n"
"7778","Kobold Lumax","Kaltlichtflaechen","Stativaufsatz, Netzteil","110","f","0627","54","\n","2004","\n"
"9371","ASUS XtionPRO","Videointerface","\n","95","t","1322","44","3113-1103020027","2011","\n"
"7466","Toshiba TDP-D2 ","2500 ANSI, 527h/02.11.2011","Fernbedienung, VGA-Kabel, Stromkabel ","95","t","0710","41","86330391","2004","2985.30 SFR"
"7335","Toshiba TDP-D2","2500 ANSI, 1100h/02.11.2011","Fernbedienung, VGA-Kabel, Stromkabel","95","t","0706","41","79330158","2004","2985.30 SFR"
"7393","Toshiba TDP-D2","2500 ANSI, 520h/02.11.2011","Fernbedienung, Netzkabel, VGA-Kabel, Tasche","95","t","0784","41","79330176","2005","2681.55 SFR"
"8650","MAX5 iLok 01-Videobotschafter","iLok fuer MAX/MSP/JITTER 5, Max 5 installieren (www.cycling74.com), starten, authentifizieren via ilok, einstecken, bei Videobotschafter InvNr: 1297 verbaut","iLok fuer MAX/MSP/JITTER 5, Max 5 installieren (www.cycling74.com), starten, authentifizieren via ilok, einstecken","134","f","1361","82","0x000708C9","2008","500"
"9373","Apple Netzteil MB","Apple Netzteil zu MB InvNr. 1323","\n","95","f","0525","74","MV0110NLV935A","2008","\n"
"8865","ACER X1130 (iRoom)","DLP Beamer, 2300 ANSI Lumen, Kontrast 2500:1, PWD:184511, SNID:91000083784, im iRoom installiert 319h am 14.09.2011","Fernbedienung, VGA-Kabel, Stromkabel","145","f","0892","41","EY J9005002910003458401","2009","500"
"8598","Guenter","Adapter MB,imac etc.  zu S-Video und Chinch","\n","95","f","0318","81","\n","2008","\n"
"9374","emotiv epoc interface","Developer Edition SDK, neurotechnology personal interface for human computer interaction","headset, usb-ladekabel, usb-dongle, sensorpack, salinesolution, sdk software-kit (SK:ef4ebce10c8a325faf80d0968367689d)","95","t","1333","72","\n","2011","550"
"8104","10 meter VGA-Kabel","10 meter VGA-Kabel","\n","95","f","0021","44","\n","2005","44"
"9375","Logitech Compact Keyboard K300","USB-Tastatur CH","\n","95","t","1450","72","\n","2011","25"
"9376","Logitech Compact Keyboard K300","USB-Tastatur CH","\n","95","t","1454","72","\n","2011","25"
"9377","Logitech Compact Keyboard K300","USB-Tastatur CH","\n","95","t","1399","72","\n","2011","25"
"9378","Logitech Compact Keyboard K300","USB-Tastatur CH","\n","95","t","1381","72","\n","2011","25"
"9379","Apple USB Tastatur","Apple USB Tastatur,","USB-Verlaengerung,","95","t","1358","72","CC2143200KTDQW5A0","2011","40"
"9380","Apple USB Tastatur","Apple USB Tastatur,","USB-Verlaengerung,","95","t","1383","72","CC2143200KTDQW5A0","2011","40"
"9382","Apple USB Tastatur","Apple USB Tastatur,","USB-Verlaengerung,","95","t","1430","72","CC2143200JSDQWA4","2011","40"
"9383","Libec Videostativ","Libec video-Stativ TH-950 DV mit Tasche, 55 - 155 cm, bis 4 Kg","Tasche, Platte,","133","f","1365","61","0J5336","2011","460"
"9384","Libec Videostativ","Libec video-Stativ TH-950 DV mit Tasche, 55 - 155 cm, bis 4 Kg","Tasche, Platte,","133","f","1366","61","0J530","2011","460"
"7665","Kensington MicroSaver/ PublicMac 1010","Kabelschloss mit T-Kupplung zum kurzfristigen Sichern der meissten Notebooks, Beamer usw., Masterkey bei rasso","\n","143","f","0475","75","SN: 491091","2004","\n"
"9386","MBA SD","Apple MacBook Air SuperDrive, zu MBA 1344","\n","95","t","1392","52","KONB5H15316","2011","80"
"9388","Manfrotto Fotostativ / Rucksack","Manfrotto  7322YB,   Dreibeinstativ, 35 bis 142 cm, max. 3,5 kg, Kugelgelenk, gehoert zu Inv.Nr.1112 Canon EOS 400D Kamera-Set,","\n","95","f","1458","61","\n","2011","120"
"9389","H2n","Handy Recorder","H2n Accessory Pack","95","t","1462","42","051705","2011","230"
"9390","Liftkar HD","Treppensteiger","2 Akkus, Ladegeraet, Manual (im Lager)","95","f","1455","76","20111300","2011","6534"
"8707","Sony HDR-HC9E","HDV1080i, HDV/DV,10xoptisch, 20xDIGITAL-ZOOM/CMOS","Netzteil, 2Akkus, Komponetenvideo-Kabel, Firewire-Kabel, USB-Kabel, 8GB Memory Stick, Fernbedienung","95","t","1416","65","139442","2008","1300"
"7740","DSC-V3","Cybershot DSC-V3, 7.2 MP","Netzteil, USB-Kabel, 8GB CF, Tasche","95","t","0680","48","SN: 7513872","2004","\n"
"9391","ART S8","ART S8, 8-Kanaliger Mikrofon Splitter, 19"", 1HE","\n","133","f","1459","40","m110804626","2011","290"
"9392","MOTU 828 MK3 Hybrid","MOTU 828 MK3 Hybrid, 19"" Firewire / USB 2.0 Audiointerface und 28/16 Digital Mixer mit FX, 24-Bit / 192 kHz, 19"" - 1HE, integrierter DSP fuer EQ, Compressor und Reverb, neue CueMix Console, 2 Mic- Gitarren-Eingaenge mit integriertem Hardware-Limiter, 48 V Phantomspeisung, 8 symmetrische Line I/Os + 2 x XLR Main Out, 2 Send, 2 x ADAT I/O, coaxial S/PDIF I/O (24-bit 96kHz), MIDI I/O, Word Clock I/O, 2 x Kopfhoerer-Ausgang, fuer Mac & PC.","\n","133","f","1463","40","828mk3h1006778","2011","722"
"9393","SHURE MX412D/S, Tisch-Kondensatormikrofon","SHURE MX412D/S, Tisch-Kondensatormikrofon, Superniere, Schalter programmierbar, Status-LED, Mini-Kapsel wechselbar (modular), incl. Zubehoer: Windschutz, Anmerkung: sehr rueckkopplungssicher, auch auf Distan z besprechbar ohne starke negative Einfluesse Preis: jeweils 310.08","Windschutz, Anmerkung: sehr rueckkopplungssicher, auch auf Distan z besprechbar ohne starke negative Einfluesse Preis: jeweils 310.08","133","f","1398","55","\n","2011","380"
"9394","SHURE MX412D/S, Tisch-Kondensatormikrofon","SHURE MX412D/S, Tisch-Kondensatormikrofon, Superniere, Schalter programmierbar, Status-LED, Mini-Kapsel wechselbar (modular), incl. Zubehoer: Windschutz, Anmerkung: sehr rueckkopplungssicher, auch auf Distan z besprechbar ohne starke negative Einfluesse Preis: jeweils 310.08","Windschutz, Anmerkung: sehr rueckkopplungssicher, auch auf Distan z besprechbar ohne starke negative Einfluesse Preis: jeweils 310.08","133","f","1448","55","\n","2011","380"
"9395","SHURE MX412D/S, Tisch-Kondensatormikrofon","SHURE MX412D/S, Tisch-Kondensatormikrofon, Superniere, Schalter programmierbar, Status-LED, Mini-Kapsel wechselbar (modular), incl. Zubehoer: Windschutz, Anmerkung: sehr rueckkopplungssicher, auch auf Distan z besprechbar ohne starke negative Einfluesse Preis: jeweils 310.08","Windschutz, Anmerkung: sehr rueckkopplungssicher, auch auf Distan z besprechbar ohne starke negative Einfluesse Preis: jeweils 310.08","133","f","1449","55","\n","2011","380"
"9396","Cordial Multicore CYB C 8/4 - 15","Cordial Multicore CYB C 8/4 - 15, trapezfoermige Stagebox, Laenge 15m","\n","133","f","1452","40","\n","2011","150"
"8591","Canon Digital Ixus 70","7.1MEGA-PIX,3xOPTICAL-ZOOM,","Ladegeraet, Stromkabel, Accu, USB-Kabel, AV-Kabel, 2GB-Memory-Stick","95","t","1313","48","4534307271","2008","273"
"9397","Logitech Compact Keyboard K300","USB-Tastatur CH","\n","104","f","1474","72","\n","2011","25"
"8964","USB-Maus","mit drei Tasten und Scroll","\n","104","f","0775","72","\n","2010","\n"
"8226","Benq T906 ","TFT LCD 19zoll","\n","104","f","0996","80","\n","2006","350"
"9182","KINECT","Videointerface auch zur XBOX 360","Netzteil, USB-Kabel Verlaengerung, Manual, DVD mit Spieleinfuehrung,","95","t","0477","44","335374304335","2011","169"
"9183","KINECT","Videointerface auch zur XBOX 360","Netzteil, USB-Kabel Verlaengerung, Manual, DVD mit Spieleinfuehrung,","95","t","0494","44","307220704335","2011","169"
"9184","KINECT","Videointerface auch zur XBOX 360","Netzteil, USB-Kabel Verlaengerung, Manual, DVD mit Spieleinfuehrung,","95","t","0518","44","319685304335","2011","169"
"9185","KINECT","Videointerface auch zur XBOX 360","Netzteil, USB-Kabel Verlaengerung, Manual, DVD mit Spieleinfuehrung,","95","t","0523","44","344215204335","2011","169"
"9186","KINECT","Videointerface auch zur XBOX 360","Netzteil, USB-Kabel Verlaengerung, Manual, DVD mit Spieleinfuehrung,","95","t","0506","44","32087960435","2011","169"
"9187","KINECT","Videointerface auch zur XBOX 360","Netzteil, USB-Kabel Verlaengerung, Manual, DVD mit Spieleinfuehrung,","95","t","0497","44","013615503635","2011","169"
"9181","KINECT","Videointerface auch zur XBOX 360","Netzteil, USB-Kabel Verlaengerung","95","t","0458","44","331785104335","2011","169"
"9398","USB-Maus","mit drei Tasten und Scroll","\n","95","t","0495","72","\n","2010","\n"
"8362","Apple Optical Mouse","Apple Optical USB Mouse","\n","95","t","1098","72","KY63701ERU3MD","2006","\n"
"8997","Softbox Shooter Kit","Softbox Shooter Kit - Video Lichtset fuer Interview usw im Rucksack - Vorsicht bei Montage ","Dedolight DLH4(24V/150W) mit Stativ, Netzteil/Dimmer, Reflektor und Halterung. Photoflex  Starlite QL (230V/500W) mit Stativ, Softbox mit Halterung","95","t","0587","54","FV BSLE3200","2010","2200"
"8209","FMX-2","Kleiner batteriebetriebener 2Kanal Feldmischer","Batterie","95","t","0319","40","20920313","2006","\n"
"7444","PMG5","1.8GHz/DP/3GB/400/250GB/SDR/9600XT, ID: PowerMac7,3","OS X.5","96","f","0636","77","SN: CK444H1GQPQ","2004","3826.26"
"8168","Philips 190S6FG ","19 Zoll TFT Philips 190S6FG, XVGA analog","VGA-Kabel, Stromkabel","112","t","0388","80","BZ000604118856","2006","395"
"9002","Sony HVR-V1E","Digitale HD-Videokamera, 3-CMOS HDV 1440 x 1080, 20xDigitalzoom,","Tasche, Kond.-Mikr. (inkl.Windschutz), 2 Akkus, Netzteil, Component-kabel, AV-Kabel, Fernbedienung, FW-Kabel (4/8), Manual engl.,","95","t","0608","65","211946","2010","5000"
"9097","Festo-Schiene 1400","1400 mm Schiene zu Festo Handkreissaege","\n","132","t","0255","76","\n","2007","\n"
"9090","iPad IHW 16GB","Part.No.: MB292FD/A, IPAD, WI-FI, 16GB-FRD","Netzteil/Kabel, Second Skin","95","t","0238","77","GB0380Z7Z38","2010","650"
"9337","20 meter VGA-Kabel","20 meter VGA-Kabel","\n","133","t","0456","44","\n","2011","40"
"8155","Videosplitter","VGA Videosplitter 4fach  -  Translearn,","Netzteil","133","f","0286","44","9331241205","2006","114.70"
"9277","iMac 27","iMac27, ModNr.: A1312, PartNr.: Z0M7005XQ, 3.4GHz, 16GB, 1TB, 6970M, KB","Tastatur 0037, Maus 0049, SW","133","f","0036","77","DGKFP1QHDHJW","2011","2682"
"9278","Apple Tastatur","zu iMac0036","\n","133","f","0037","72","\n","2011","\n"
"9279","Apple Mouse","zu iMac0036","\n","133","f","0049","72","\n","2011","\n"
"7617","Flatscreen 17 (Station1)","Philips 180B2 Flatscreen 17 LCD (Station 1)","\n","133","f","0583","80","\n","2003","\n"
"8896","Mini-Displayport zu VGA  Adapter ","Mini-Displayport zu VGA Adapter, Station 1","\n","133","f","0622","81","\n","2009","40.-"
"7872","Samsung Video-Monitor","Samsung Video-Monitor","\n","116","f","0576","47","\n","2003","\n"
"8232","LG RZ 32 LX2R","LCD - TV 32zoll","Wandhalterung/Fuss, Fernbedienung, DVI-Kabel, Manual","133","f","1081","80","\n","2006","2160,-"
"8046","Neos","Neos Belegdrucker","\n","95","t","0840","45","\n","2003","\n"
"7962","Monitor Speaker MSP3","Aktive 2Weg Bassreflex, 20W, Chinch/XLR/TRS","zweiter zu 269","95","f","0268","53","\n","2003","\n"
"7963","Monitor Speaker MSP3","Aktive 2Weg Bassreflex, 20W, Chinch/XLR/TRS","zwei Stueck","95","t","0269","53","\n","2003","\n"
"9039","Theaterspot THT-1000","Theaterlicht Spot max 1000W, Mod.:THT-1000, Lampe GX9 650/1000W Halogen","Kabel, Drahtsicherung","122","t","0397","54","\n","2010","\n"
"8694","Nikon D80 SLR","AF-S DX 18-70 mm 1:3,5-4,5G IF-ID,10,2 Megapix(effektive Aufloesung) Objektiv SNR:4231469 ","Ladegeraet, 2 Akkus, AV-Kabel, USB-Kabel, 16 GB SDHC-Card","95","t","1402","48","4516781","2008","1000"
"9406","Videosplitter","VGA Videosplitter 2fach,","\n","95","t","1465","44","\n","2012","\n"
"9083","Sony Nex-5 Set","Sony Alpha Nex-5, CSC Kamera, 14MP, Wechselobjektiv, HD-Video (1.920 x 1.080) in AVCHD","Objektiv 18-55mm, 2 Akkus NP-FW50, Body Case, Ladegeraet, Manual, USB-Kabel, Mikrofon, Blitz, 16GB SDHC-Card","95","f","0222","48","4711422","2010","1350"
"9387","WACOM Inkling","Digitaler Zeichenstift,","Case mit Stift, Empfaenger, USB-Kabel, 4 Ersatzminen,","95","f","1451","72","1IBD001575 / 381100590","2011","160"
"9403","WACOM Inkling","Digitaler Zeichenstift,","Case mit Stift, Empfaenger, USB-Kabel, 4 Ersatzminen, Schnellstartmanual,","95","f","1461","72","1KBD000221/ 36100684","2012","160"
"9402","WACOM Inkling","Digitaler Zeichenstift,","Case mit Stift, Empfaenger, USB-Kabel, 4 Ersatzminen, Schnellstartmanual,","95","f","1460","72","1KBD000606/ 441100374","2012","160"
"9401","WACOM Inkling","Digitaler Zeichenstift,","Case mit Stift, Empfaenger, USB-Kabel, 4 Ersatzminen, Schnellstartmanual,","95","f","1457","72","1KBD002245/ 44100992","2012","160"
"9400","WACOM Inkling","Digitaler Zeichenstift,","Case mit Stift, Empfaenger, USB-Kabel, 4 Ersatzminen, Schnellstartmanual,","95","f","1456","72","1KBD003063/ 44101415","2012","160"
"9399","WACOM Inkling","Digitaler Zeichenstift,","Case mit Stift, Empfaenger, USB-Kabel, 4 Ersatzminen, Schnellstartmanual,","95","f","1453","72","1KBD000495/ 421102956","2012","160"
"8481","MB ","13 Zoll, 2.16GHz, IntelCore2Duo, 2GB, 120 GB-HD, SD, white, MNr.: MB062SM/A","Netzteil, SW","95","f","1208","77","W8731BU3Z5W","2006","\n"
"8649","Spyder3 pro","Kolorimeter zum kalibrieren von Monitoren etc","Software","95","t","1360","44","\n","2008","270"
"9372","MBP","MB Pro 13,3 2,4/2x2GB/SD/","Netzteil InvNr.:0525","95","f","1323","77","W890604H6ER","2008","\n"
"8988","USB2 HD 500GB","LaCie Petit USB2 HD 500GB","USB-Kabel","95","t","0560","52","1296100506758K","2010","100"
"7622","PBG4 15 (Gast)","PBG4/15/1.5 GHz/1.5GB/80GB/SD/BT/APX/Backlit KB","Netzteil InvNr.:0078, OS X 10.5, Tasche","95","t","0547","77","SN: W842204SQHY","2004","3448.-"
"9205","Airport Extreme IHW 09","Airport Extreme, MN:A1354, A-ID 2,4GHz: 109ADD8650FD, E-ID:   24AB81B7DF2B,","Netzteil, Manual","128","f","0615","59","6F1022SJAQB","2010","195"
"7686","Miller Stativ","Schweres Stativ mit Videokopf, Holzbeine","\n","95","f","0573","61","SN: LPTS4289","2004","2500"
"9082","Sony Nex-5 Set","Sony Alpha Nex-5, CSC Kamera, 14MP, Wechselobjektiv, HD-Video (1.920 x 1.080) in AVCHD","Objektiv 18-55mm, 2 Akkus NP-FW50, Ladegeraet, Manual, USB-Kabel, Mikrofon,Blitz, Body Case, 16GB SDHC-Card Display verschmiert!!","95","f","0221","48","4711421","2010","1350"
"8936","LaCie Ext HD 1TB","LaCie HD 2/500GB = 1TB, FW400, FW800, USB2, MacOS-Ext. formatiert","Netzteil","95","f","0969","52","461001388","2010","200"
"8750","LaCie FW-HD ","Mobile FW-HD 160GB,  ","\n","95","t","0431","52","SN: 08934042000261C 214","2004","349,70"
"9324","Akkubohrer Makita","12V, 2.6Ah, 13mm, bleibt bei Rasso","Koffer, 2 Akkus, Ladegeraet, Bitset, Bohrer","95","f","1279","76","\n","2011","350"
"8052","Apple USB-Tastatur","Apple USB-Tastatur, Station 2","\n","95","t","0846","72","KY52403VCQBB","2005","\n"
"7874","DVD/VHS  (Station 2)","Sanyo DVD-Player/VHS Recorder, ","Manual im Lager","95","f","0588","70","\n","2003","\n"
"9194","Mini-Displayport zu VGA  Adapter ","Micro-Displayport zu VGA Adapter, (MacBook Pro), Schnittplatz 5","\n","133","f","0462","81","\n","2010","40.-"
"7502","Trinitron CTV 21 ","Fernseher ","Fernbedienung","95","f","0777","47","1018296","2005","399"
"8686","Logitech Optical ","USB Maus, 2 Tasten, Scrollrad, ","\n","95","f","1395","72","\n","2003","\n"
"7618","Flatscreen 17 ","Philips 180B2 Flatscreen 17 LCD ","\n","95","f","0582","80","\n","2003","\n"
"8727","BenQ E2200HD","LCD Monitor, Full HD, 1920x1080, Contrast 1000:1, PN: 9H.Y3VLN.IBE, inputs: VGA/DVI/HDMI,  ","\n","95","f","1436","80","ET8A803223026","2008","300"
"9050","iPad IHW 16GB","Part.No.: MB292FD/A, IPAD, WI-FI, 16GB-FRD","Netzteil/Kabel, Second Skin,","95","f","0421","77","GB032TTFZ38","2010","650"
"7878","Matrox RTMac","\n","Composite Video/Audio Kabel VGA-Kabel","133","f","0073","66","\n","2000","\n"
"8747","Host-Adapter x MXO2","PCIe-ExpressCard/34-Host-Adapter zu Matrox MXO2, fuer MacBook Pro","Hostkabel","122","t","0059","66","BK08545","2009","280"
"8744","Genelec 6010A (Masteringstation)","Aktiv-Boxen, zur Masteringstation","Bestandteil der Mastering-Station","133","f","0034","53","6010A PM6001305","2009","800"
"8728","BenQ E2200HD (Masteringstation)","LCD Monitor, Full HD, 1920x1080, Contrast 1000:1, PN: 9H.Y3VLN.IBE, inputs: VGA/DVI/HDMI, Monitor zur Masteringstation","\n","133","f","1438","80","ET8A803456026","2008","300"
"8703","Sony GV-HD700E (Masteringstation)","Digital HD Videocassette Recorder, DV/HDV abspielen/einlesen, zur Masteringstation","Akku, Netzteil, USB-Kabel, AV-Kabel. Videocomponent-Kabel, Fernbedienung, Manual deutsch","133","f","1412","70","23960","2008","1620"
"8724","MXO2 (Masteringstation)","MXO2, HD Ein- und Ausgabe, Monitoring und Up/Down/Cross-Konvertierung fuer Final Cut Studio 2, Masteringstation","Matrox MXO2 Host-Adapter (in MacPro, Station 2), Matrox MXO2 PCIe-ExpressCard (separat ausleihbar, InvNr 0059)","133","t","1431","66","A438935","2008","2600"
"8051","PMG5-Plotter","PMG5/DP/2.3GHz/PCI-X/2GB/250GB/SD/ATI-Rae9600/","OS X, Tastatur + Maus, Folienplotter-Software+Dongle","158","f","0845","77","CK534012RTZ","2005","3317"
"8584","Sony SDM-X72 ","Sony SDM-X72, 17', DVI und VGA, Sound ","\n","158","f","0595","80","SN: 4503078","2003","\n"
"8915","Summa Cut D 120 SE","Foliencutter, ab Rollenmaterial, Schnittbreite 1200 mm, USB","Dongle FueR MacSign9 FV (siehe Software)","158","t","0914","45","840706-10098","2007","5000"
"8131","HP DesignJet 500PS","C7770C, thermischer HP Farbtintenstrahldrucker, 1200 x 600 dpi, DIN A0 - beliebige Formate ueber 210 x 210 mm und unter 1.067 mm x 15,24 m, DK gewechselt 04.03.2010","Druckkoepfe, Speicher 128MB, Unterstand","158","f","0100","45","S6587B206Q","2005","7610.50"
"8378","Apple optical Mouse","Apple optical Mouse USB mit scroll ","\n","158","f","1116","72","8B6330CJ3UCUA","2006","ca 50,-"
"8309","Apple USB Tastatur","Apple USB Tastatur","\n","158","f","1040","72","ky54700e3ubba","2000","\n"
"8298","Microtrack 24/96","Digitales mobiles Aufnahmegeraet fuer professionelle 2-Kanalaufnahmen, Speicherung auf CompactFlash oder Microdrive, Drag&Drop-Datenuebertragung ueber USB, Symmetrische Klinkeneingaenge 6,3 mm, phantomgespeiste Mic-Vorverstaerker, Digitaler S/PDIF-Eingang, Ausgaenge Cinch, miniJack","Stereomikrofon, Ladegeraet, USB-Kabel, Kopfhoerer, CF-Card 4GB","95","t","1034","42","1239148010","2006","599"
"9405","AV - SpiGa","Schluessel fuer Audio/Videoraum Spiga 4. OG - kann nur in Absprache mit Max Spielmann und/oder Martin Schaffner reserviert werden. Die Reservation wird erst mit einem OK (idealerweise per mail an verleih) von einem der beiden in der Datenbank eingetragen."," - kann nur in Absprache mit Max Spielmann und/oder Martin Schaffner reserviert werden. Die Reservation wird erst mit einem OK (idealerweise per mail an verleih) von einem der beiden in der Datenbank eingetragen.","95","t","1464","79","\n","2012","\n"
"8710","iMac (schnpl 4)","Schnittplatzrechner (Schnittplatz 4) iMac, ModNr: A1225, 3.06GHZ INTEL CORE 2 DUO, 4GB, NVIDIA GF 8800, 320GB S-ATA","Tastatur, Maus, OSX, Final Cut Studio, LogicPro, QTPro","157","f","1419","77","VM843MANZE7","2008","2700"
"8711","Apple USB Tastatur","Apple USB Tastatur, zu Station 4","\n","157","f","1404","72","\n","2008","\n"
"8462","Maus","optische USB Maus, 2 Tasten und Rad, Station 4","\n","157","f","1186","72","\n","2007","15"
"8709","iMac (schnpl 3)","Schnittplatzrechner (schnittplatz 3) iMac, ModNr: A1225, 3.06GHZ INTEL CORE 2 DUO, 4GB, NVIDIA GF 8800, 320GB S-ATA","Tastatur, Maus, OSX, Final Cut Studio, LogicPro, QTPro","157","f","1418","77","VM843MAMZE7","2008","2700"
"7902","Optical Mouse","optische Maus USB, Videoschnittplatz 3","\n","157","f","0363","72","\n","2003","\n"
"8712","Apple USB Tastatur","Apple USB Tastatur, zu Station 3","\n","157","f","1420","72","\n","2008","\n"
"9274","iMac 27 (schnpl 5)","iMac27, ModNr.: A1312, PartNr.: Z0M7005XQ, 3.4GHz, 16GB, 1TB, 6970M, KB, Schnittplatz 5","Tastatur 0016, Maus 0011, SW","157","f","0008","77","DGKFP1QGDHJW","2011","2682"
"9276","Apple Tastatur","\n","\n","157","f","0016","72","\n","2011","\n"
"9275","Apple Mouse","zu iMac0008","\n","157","f","0011","72","\n","2011","\n"
"9369","Airport Extreme IHW 13","Airport Extreme, MN:A1408, E-ID: BB:C7:5D:C7:7B:D5, A-ID 2,4GHz: BB:C7:5D:09:F4:BD, A-ID 5GHz: BB:C7:5D:09:F4:BE","Netzteil","152","f","1310","59","C86FTFLLDM72","2011","180"
"8575","LaCie 320GB","Ext. Harddrive, 320 GB, FW800, FW400, USB2,","\n","95","t","1299","52","122480212440QR","2008","240"
"8334","Panasonic RP-HT225","Stereokopfhoerer, bei Schnittplatz 5","\n","157","f","1071","69","\n","2003","\n"
"8634","Apple optical Mouse","Apple optical Mouse USB mit scroll","\n","95","f","1343","72","KY61905PDU3MC","2006","ca 50,-"
"8275","Public iMac Terassenzimmer 20 intel","iMac20' intel2.0GHz/2GB/250GB/SD Tastatur InvNr.1338,Maus InvNr.0425","Mac OS 10.6, Div. Software, Windows XP SP2, Rhino4","143","f","1010","77","CK63305XU2P","2006","2424.05"
"9381","Apple USB Tastatur","Apple USB Tastatur, Public iMac Terassenzimmer InvNr.1010","USB-Verlaengerung,","143","t","1338","72","CC21432014TDQW5AA","2011","40"
"8178","USB Maus","Logitech USB Maus 3 Tasten/Scrollrad, Public iMac Terassenzimmer InvNr.1010","\n","143","f","0425","72","\n","2006","\n"
"8488","USB Keyboard  ","Macally iKeySlim USB","\n","95","f","1214","72","\n","2007","30"
"9407","Sony Nex-5N","Sony Alpha Nex-5N, CSC Kamera, 16,1MP, Wechselobjektiv, HD-Video (1.920 x 1.080) in AVCHD","Objektiv 18-55mm, 2 Akkus NP-FW50, Ladegeraet, Manual, USB-Kabel, Blitz, 16GB SDHC-Card","95","t","1470","48","5100540","2012","\n"
"9409","Autonetzteil","wandelt Autostrom in 230v um, ideal fuer Notebooks etc.,Ausgang  fuer Schukostecker und USB,","\n","95","f","1473","74","\n","2012","40"
"9232","Inverter","Inverter 12V (Auto, Flugzeug etc) zu 230V, out max 120W/2h, usb 5V/0.5A","\n","95","f","0802","74","\n","2011","90"
"9410","USB-Maus","mit drei Tasten und Scroll","\n","95","t","1475","72","\n","2012","10"
"9411","USB-Maus","mit drei Tasten und Scroll","\n","95","t","1476","72","\n","2012","10"
"9412","USB-Maus","mit drei Tasten und Scroll","\n","95","t","1477","72","\n","2012","10"
"9413","USB-Maus","mit drei Tasten und Scroll","\n","95","t","1478","72","\n","2012","10"
"9414","USB-Maus","mit drei Tasten und Scroll","\n","95","t","1479","72","\n","2012","10"
"9415","USB-Maus","mit drei Tasten und Scroll","\n","95","t","1480","72","\n","2012","10"
"9416","USB-Maus","mit drei Tasten und Scroll","\n","95","t","1481","72","\n","2012","10"
"9417","USB-Maus","mit drei Tasten und Scroll","\n","95","t","1482","72","\n","2012","10"
"9418","USB-Maus","mit drei Tasten und Scroll","\n","95","t","1483","72","\n","2012","10"
"9419","USB-Maus","mit drei Tasten und Scroll","\n","95","t","1484","72","\n","2012","10"
"9421","One-Touch-Backup","Adapter IDE/SATA auf USB2.0 fuer IDE-SATA-Festplatten, zum Auslesen v. Festplatten","Netzteil, USB-Kabel, e-SATA-Kabel, Adapterstecker,","95","f","1487","81","\n","2012","40"
"8216","HP xp 7010","HP Digitalprojektor max.3500  ANSI Lumen, 1024x768 Echtes XGA, Lampe 1275h/24.02.2012","Fernbedienung, Netzkabel, VGA- Kabel","95","t","0985","41","CNP6200064","2006","2292"
"8218","HP xp 7010","HP Digitalprojektor max.3500  ANSI Lumen1024x768 Echtes XGA, Lampe 1640h/24.02.12","Fernbedienung, Netzkabel,VGA- Kabel, S-Video-kabel,","95","t","0987","41","CNP6200047","2006","2292,-"
"8695","Nikon D80 SLR","AF-S DX 18-70 mm 1:3,5-4,5G IF-ID,10,2 Megapix(effektive Aufloesung), Objektiv SNR:4231428, Gegenlichtblende n.Fluri","Netzteil, 2 Akkus, AV-Kabel, USB-Kabel, 16GB SDHC-Card","95","t","1403","48","4517421","2008","1000"
"9423","easykey","""Allesoeffner""","\n","95","f","1489","79","0412586977","2007","\n"
"8549","easykey","""Allesoeffner""","\n","95","f","1276","79","0103AA8E69","2007","\n"
"8714","Marantz PMD620","Digitale Audio Aufnahmen, Achtung Netzteil ist KEIN Ladegeraet","Netzteil, USB-Kabel, 2 Batterien, 4GB SDCard,  Guertel/Stativhalterung","95","t","1422","42","20000806004327","2008","550"
"8740","HP  flatscreen ( Y.Peduto )","HP L2445w 24-Zoll Widescreen LCD-Monitor, bis zu1920 x 1200 Aufloesung, horizontal und vertikal nutzbar","Fuss,Stromkabel, VGA-Kabel, DVI-Kabel","120","f","1446","80","482450-001","2008","500,-"
"8114","Oberfraese ( Festool )","Festool Oberfraese,  Tiefenanschlag, im  Kunststoffkoffer, div.Zubehoer, Schutzbrille tragen","\n","95","t","0023","76","SN: 574 235","2004","500"
"7483","SDS Bohrmaschine Metabo","Pneumatische Bohrmaschine mit SDS Bohrfutter","Satz SDS-Bohrer, Bohrfutter fuer Normalbohrer","95","f","0548","76","\n","2002","250"
"9424","Akkubohrer Makita","12V, 2.6Ah, 13mm","Koffer, 1 Akku, Ladegeraet, Bitset, Bohrer","95","f","1488","76","\n","2012","300"
"9426","Sony HVR-HD1000E","Digitale HD-Videokamera, HDV1080/50i, DV/DV(LP)576/50i (PAL), 10-fach optischer Zoom, fest installiert in AV-Studio","\n","133","f","1491","65","S010244835C","2012","1500"
"9427","Sony HVR-HD1000E","Digitale HD-Videokamera, HDV1080/50i, DV/DV(LP)576/50i (PAL), 10-fach optischer Zoom, fest installiert in AV-Studio","\n","133","f","1492","65","S010244833A","2012","1500"
"9428","Bosch Stichsaege","Bosch Stichsaege GST 85PE","Koffer, Stichsaegeblaetter","95","t","1493","76","\n","2012","220"
"8625","Sony HDR-HC9E","HDV1080i, HDV/DV, 10xoptisch, 20xDIGITAL-ZOOM/CMOS","Netzteil, 2Akkus NP-FH60, Fernbedienung,  Komponent-Kabel, Firewire-Kabel (4/9)","95","t","1341","65","133097","2008","1350"
"7873","Excenter Schleifer ( Festool )","Festo Excenter Schleifer, macht Staub","Schleifmittel, Koffer ","95","t","0553","76","\n","2002","\n"
"8907","Nikon D90","Nikon D90, SLR 12MP, zu Kameraset 0277","2 Akku EN-EL3e, 8GB SD, Manual, Ladegeraet, USB-Kabel, AV-Kabel","95","f","0860","48","6346502","2009","1200"
"9146","Rode NT-5 Stereo Set","Rode NT-5 Stereo Set, selektiertes Mikrofonpaar fuer Stereoaufnahmen, Niere, missing seit ca 10.09.2011","2xMikrofonklemmen, 2xAdapter 3/8-5/8, 2xWindschutz, 2x XLR-Kabel","122","f","0696","55","121897/121884 P48","2010","320"
"8678","Ext HD 500GB","Mobile HD 2.5"" 300GB, FW400, USB2.0, eSATA","FW-Kabel4/6, USB-Kabel,USB/eSATA-Kabel,Etui","95","f","1388","52","SN A03300-G50-0536","2008","100"
"9430","Pentax Optio WG-1 GPS","14MP, 5fach Zoom 28-140 mm, wasserfest bis 10 m, stossfest bis 1,50 m, Eisgeprueft bis -10Grad C, druckfest bis 100 kg,","Akku, USB-Kabel, AV-Kabel, 16GB SDHC Card,","95","f","1495","48","8408385","2012","330"
"9432","LCDVF Displaylupe","Displaylupe ","Tasche, Polster,  2x Diplayrahmen, ","95","f","1499","48","\n","2012","120"
"9434","WD Elements","ext HD 2TB, USB 2.0","Netzteil, USB-Kabel,","95","f","1506","52","WCA29890077","2012","69"
"9435","WD Elements","ext HD 2TB, USB 2.0","Netzteil, USB-Kabel,","95","f","1510","52","WMAZA5958593","2012","69"
"9433","Reflektor  silber/weiss","Reflektor weiss/silber,  Durchmesser 105 cm","Tasche,","95","t","1502","54","\n","2012","100"
"9436","Reflektor  silber/gold","Reflektor silber/gold Durchmesser 105 cm","Tasche,","95","t","1503","54","\n","2012","100"
"8980","Mini-Displayport zu VGA  Adapter ","Micro-Displayport zu VGA Adapter, (MacBook Pro)","\n","95","f","1514","81","\n","2010","40.-"
"8409","Sony Z1","Sony HVR-Z1 HDV Camcorder, 1/3 CCD Sensor HD,1,12 MP, LCD Farbsucher 0,44, LCD Monitor 3,5, PAL/NTSC, 16:9, 2 XLR-Audio-in. Nur fuer erfahrene Filmer!","2 Akkus (NP-F970), Netz/Ladegeraet mit Adapter, Stromkabel, Gegenlichtblende, Okular, AV-Kabel, Komp-Kabel, FW-Kabel 4/8, Manual","95","t","1144","65","1228460","2006","7206"
"8722","Sony HVR-V1E","Digitale HD-Videokamera, 3-CMOS HDV 1440 x 1080, 20xDigitalzoom, repariert Nov.2010","Tasche, Kond.-Mikr. (inkl.Windschutz),4 Akkus (3xNP-F570, 1xNP-F770), Netzteil, Componentkabel, Fernbedienung, FW-Kabel (4/9), ","95","t","1432","65","4214257","2008","5000"
"9079","gorillapod","Kleines Stativ mit flexiblem Fuss zum Einsatz bei z.B. Safaris...etc ist Bestandteil von 0277 !!","\n","95","f","0214","61","\n","2010","74"
"8741","Apple Cinema HD Display 23","Apple Cinema HD Display 23"", matte, LCD, 1920 x 1200, DVI-D, ModNr: A1082, 2xUSB, 2xFW400","Netzteil, Kabel (Strom, USB, FW)","133","f","1445","80","2A836201XMN","2008","1000"
"9437","hp Deskjet 3050A","All-In-One Tintenstrahldrucker, WiFi, ePrint,","Netzteil, USB-Kabel,","95","t","1496","45","CN1C8446NF","2012","90"
"8879","Proxon Bohrstaender","Proxon Bohrstaender","\n","104","f","0856","76","\n","2008","\n"
"8421","FESTOOL Absaugmobil CTM33ESG","Absaugmobil(1800/500Watt) zum Anschluss an die CNC-Fraese,Schleifmaschinen etc","Schlauch, Verschlussdeckel, Manual, Ersatz-Filtersaecke im H&W-Lager Bitte unbedingt Manual (im unteren Fach beachten!","120","f","1147","76","10024355","2007","\n"
"8624","Winkelschleifer (FLEX)","Metabo Winkelschleifer 650Watt","Schluessel, Fluegelschraube","95","t","1337","76","0611117071255976","2008","140"
"9258","Staubsauger","Kaercher Xpert NT 360","Bodenduese, Feinduese","95","t","0894","76","\n","2010","340"
"9429","LENOVO ThinkPad Edge 15","ThinkPad , Intel i3-380M, 15,6"" WXGA HD,4GB, 500GB, DVD-SM","Netzteil","95","f","1494","50","LR9CGZ5","2012","550"
"8313","BENQ MP770","MP770,3200 ANSI, 2000:1, XGA, DLP, 980h/07.05.2012","Tasche, Stromkabel, VGA-Kabel, Fernbedienung, Manual (im Lager), Wlan-Adapter","95","f","1045","41"," PDE660007ITVO","2006","2470,-"
"9438","Wicked Laser Spyder III","Wicked Laser Spyder III Arctic Series, ModNo:ARC44501, Class4, 1W Laserbeam - NoToy!","Ladergeraet, Schutzhuelle, Sicherheitsbrille, Manual, Akku","95","f","1497","76","76381","2012","300"
"9439","Mini-Displayport zu VGA  Adapter ","Micro-Displayport zu VGA Adapter, (MacBook Pro)","\n","95","f","1500","81","\n","2010","40.-"
"9420","One-Touch-Backup","Adapter IDE/SATA auf USB2.0 fuer IDE-SATA-Festplatten, zum Auslesen v. Festplatten","Netzteil, USB-Kabel, e-SATA-Kabel, Adapterstecker,","95","f","1486","81","\n","2012","40"
"7791","Mikrofonstaender","Mikrofonstaender","\n","133","f","1056","61","\n","0","\n"
"7406","Funkmikrofone Sennheiser EW100","Funkmikrofone: 2 Sender, 2 Empfaenger, 2 Knopfmikrofone","Empfaenger1(0186), Empfaenger2(0184), Sender1(0187), Sender2(0185), 2 Knopfmikrofone, 2 MiniJack/XLR-Kabel, 2 MiniJack/MiniJack","95","t","0184","55","\n","2000","1600"
"7998","Mikrofonstaender","Mikrofonstaender","\n","95","f","0406","61","\n","2003","\n"
"9440","Autonetzteil","wandelt 24V Autostrom in 230v um, ideal fuer Notebooks etc., Ausgang  fuer Schukostecker","\n","95","t","1507","74","\n","2012","40"
"9001","Sony HVR-V1E","Digitale HD-Videokamera, 3-CMOS HDV 1440 x 1080, 20xDigitalzoom","Tasche, Kond.-Mikr. (inkl.Windschutz), 2 Akkus, Netzteil, AV-Kabel, Component-Kabel, Fernbedienung, FW-Kabel  (4/9), HDMI-Kabel, Manual engl., Software","95","t","0606","65","211964","2010","5000"
"9441","Sennheiser K6","Richtcharakteristik super-cardioid/lobar, ","Kabel-XLR/miniJack, Windschutz,","95","t","0248","55","SN: 114086","2003","\n"
"9442","Panasonic LUMIX DMC-LC5","Display- und Sucherkamera, 4MP, 3,03-fach Zoom, 33 bis 100 mm, digitales 2-fach Zoom,","Netzteil, USB-Kabel, AV-Kabel, Display-Lichtblende, Tasche, Tisch-Stativ, 1GB-SD-Card,","95","t","1504","48","K2SC01025","2007","1500"
"8761","Funkmikrofon Sennheiser EW100","Funkmikrofonset EW-100 ENG G2, Sender+ Knopfmikro, Sender+XLR, Empfaenger, Adapter Minijack/XLR, benoetigt je 2 AA Batterien","Transmitter SK-100 591014, Receiver EK-100 500814, Transmitter SKP-100 590324, Knopfmikro ME2, Kabel Minijack/Minijack, Kabel XLR Minijack","95","t","0041","55","533650 519373 530687","2009","1300"
"9000","Sony HDR-HC9E","HDV1080i, HDV/DV,10xoptisch, 20xDIGITAL-ZOOM/CMOS","Netzteil, 2Akkus 1x NP-FH50, 1x NPFH70, Fernbedienung, AV-Kabel, Komponetenvideo-Kabel, Firewire-Kabel(4/9), USB-Kabel, 8GB SD-Card","95","t","0602","65","150482","2010","1300"
"8952","ArpDatacon NB Security-Set","Kabelschloss mit T-Kupplung zum kurzfristigen Sichern der meissten Notebooks, Beamer usw.","1 Schluessel","95","f","0735","75","12527","2004","\n"
"7325","ArpDatacon NB Security-Set","Kabelschloss mit T-Kupplung zum kurzfristigen Sichern der meissten Notebooks, Beamer usw.","2 Schluessel","95","f","0889","75","11054","2004","\n"
"9444","Sennheiser K6","Richtcharakteristik super-cardioid/lobar, ","Kabel-XLR/miniJack, XLR-Kabel, Windschutz,","95","t","1501","55","SN: 177294","2012","600"
"7837","Kobold RL200","Set 3 Video-Lampen mit Stativen in Koffer","Koffer, 3 Stative, je 2 Filter","95","t","0328","54","\n","2002","\n"
"9408","Autonetzteil","wandelt 12V Autostrom in 230v um, ideal fuer Notebooks etc., Ausgang  fuer Schukostecker und USB","\n","95","f","1472","74","\n","2012","40"
"9288","LaCie 1TB USB, FW","1 TB Desktop, USB 3.0, FW 800,","Netzteil, USB-Kabel, FW-Kabel 6/8,","95","t","0098","52","13081105110168EMA","2011","150"
"7597","Festo-Handkreissaege ATF55","Festo Handkreissaege, 1200W, Schnitttiefe Holz bis 55 mm, Schutzbrille tragen. ","\n","132","t","0550","76","\n","2002","910,20"
"8134","Stichsaege (Festool)","Festool PendelStichsaege","Koffer","132","t","0218","76","082857/2001","2001","\n"
"7311","Deltaschleifer","Festo Deltaschleifer, macht Staub","Koffer","95","t","0552","76","\n","2002","\n"
"8733","Festo-Handkreissaege TS55","Festo Handkreissaege, 1200W, Schnitttiefe Holz bis 55 mm, Schutzbrille tragen.  ","Anschlag, Koffer, Stromkabel, div. Ersatzblaetter im Lager","95","t","1442","76","13936600","2008","\n"
"9085","Sony Nex-5 Set","Sony Alpha Nex-5, CSC Kamera, 14MP, Wechselobjektiv, HD-Video (1.920 x 1.080) in AVCHD","Objektiv 18-55mm, 2 Akkus NP-FW50, Body Case, Ladegeraet, Manual, USB-Kabel, Mikrofon, 16GB SDHC-Card, Blitz","95","f","0230","48","4711471","2010","1350"
"9207","ZOOM Q3HD","Handy VideoRecorder, Mod Q3HD","2 Akkus, 2GB SD-Card, Windschutz, Netzteil, Tischstativ, HDMI-Kabel, Av-Kabel, Shell-case","95","t","0626","65","00006612","2011","400"
"9084","Sony Nex-5 Set","Sony Alpha Nex-5, CSC Kamera, 14MP, Wechselobjektiv, HD-Video (1.920 x 1.080) in AVCHD","Objektiv 18-55mm, 2 Akkus NP-FW50, Body Case, Ladegeraet, Manual, USB-Kabel, Mikrofon, Blitz, 16GB SDHC-Card (Blitz bei Patricia Kaeufeler!18.06.12)","95","f","0224","48","4711472","2010","1350"
"8884","MBP13 (Rasso)","MBP13.3/2.26/4GB/128/SD/SM/SM","Monitoradapter","95","f","0938","77","W89382CY66H","2009","1835"
"7284","Mikrofon Sony F710","Mikrofon Sony F710","Kabel XLR-Minijack, Windschutz,","95","t","1311","55","\n","2000","\n"
"7999","Easykey","""Allesoeffner""","\n","95","f","0424","79","\n","2003","\n"
"8994","Sony Nex-5 Set","Sony Alpha Nex-5, CSC Kamera, 14MP, Wechselobjektiv, HD-Video (1.920 x 1.080) in AVCHD","Objektiv 18-55mm (InvNr.0724), 2xAkku NP-FW-50, Body Case, Ladegeraet, Manual, USB-Kabel, Mikrofon SST1, Blitz, 32GB MSPD ","95","f","0692","48","014708728","2010","1500.-"
"8843","EPSON EH-TW 3000","1800 ANSI-Lumen, Kontrast 1800:1, HD 1080p, input VGA, Composit, Component, HDMI, S-Video ,990h am 18.06.2012","Fernbedienung, Stromkabel, ","95","t","0838","41","LGNF910019L","2009","2200"
"9447","LaCie 1TB USB, FW","1 TB Desktop, USB 3.0, FW 800,","Netzteil, USB-Kabel, FW-Kabel,","95","t","0111","52","13081105110165EMA","2011","150"
"9449","Lenovo 1421","14"" Display LED, 16:9, nur USB input (braucht app displayLink)","USB-Kabel (Achtung, Spezialkabel!), Standfuss, SW","95","t","1512","80","V8-B1524","2012","160"
"8839","BenQ MP523","BenQ MP523, DLP Beamer, 2000 Ansi Lumen, Kontrast 1600:1, XGA, VGA input, 348h am 04.07.2012","Netzkabel, VGA-Kabel, Quickstart-Guide, Fernbedienung ","95","t","0148","41","PDP4900778001","2009","600"
"9024","MB 13","13"", 2.4GHz IntelC2Duo, 2X2GB, 250GB, SD, MNr.:A1342","Tasche, Netzteil (InvNr 1518), SW","95","t","0335","77","4503515GF5X","2010","1300"
"9450","Apple Netzteil MB","Apple Netzteil zu MB InvNr 335","\n","95","f","1518","59","MV6615863X1GA","2010","\n"
"9451","Kappssaege Metall","Metall Kreissaege","\n","132","f","1471","76","\n","2012","700"
"9422","Elektrische Popnietenzange","Elektrische Popnietenzange","2 Akku, Ladegeraet","95","t","1485","76","\n","2012","1000"
"9452","Elektrische Popnietenzange","Elektrische Popnietenzange","Akku, Ladegeraet","95","f","1516","76","\n","2012","1000"
"9446","Bohrmaschine","Bohrmaschine 500,","\n","132","f","1508","76","\n","2012","80"
"8806","BenQ MP523","BenQ MP523, DLP Beamer, 2000 Ansi Lumen, Kontrast 1600:1, XGA, VGA input, 775h/12.07.2012","Netzkabel, VGA-Kabel, Quickstart-Guide, Fernbedienung","95","t","1124","41","PDXB801593001","2009","600"
"9100","Kamerawuerfel GoPro","GoPro, HD Naked Hero, objektiv F2,8, 720p oder 960p, full-HD, 30-60 Bilder/sec, CMOS-Sensor-1/2,5,  Video-H.264, Ton-AAC, 5MB Einzelbilder, wasserdichtes Gehaeuse, Aufnahme auf SD-Card","Kamera, 2 Gehaeuse, div. Montagematerial, AV-Kabel, USB-Kabel, Component-Kabel, Manual, 16 GB SD-Card","95","t","0502","65","\n","2010","350"
"9453","Kamerawuerfel GoPro","GoPro, HD Naked Hero, objektiv F2,8, 720p oder 960p, full-HD, 30-60 Bilder/sec, CMOS-Sensor-1/2,5,  Video-H.264, Ton-AAC, 5MB Einzelbilder, wasserdichtes Gehaeuse, Aufnahme auf SD-Card","Kamera, 1 Gehaeuse, div. Montagematerial, USB-Kabel, Manual,","95","t","1522","65","\n","2012","350"
"9454","Flachduebelfraese","Flachduebelfraese (Lamello), Einhell, Duebelgroessen 0, 10, 20","Duebel 0, 10, 20","132","t","1509","76","\n","2012","100"
"9431","Filmklappe","Filmklappe","\n","95","t","1498","44","\n","2012","90"
"9161","Sony NEX - VG10E","Digitale HD-Kamera, Exmor HDV CMOS, 1920 x 1080, Fotomodus 14Megapix, incl.Teleobjektiv 18-200mm/F3.5-6.3 InvNr.:0449","Ladegeraet, Netzteil, 2 Akkus, USB-Kabel, Gegenlichtblende, 16GB SDHC-card, Augenmuschel, Windschutz, Tasche,","95","t","0514","65","20330","2010","2035"
"9425","Akku Winkelschrauber Makita","12V, 2.6Ah, 13mm","2. Akku, Ladegeraet (unfoermig)","95","t","1490","76","\n","2012","150"
"7247","Schweizer CH-77 AF","leicht, gut, hoch, teuer. und jedesmal fehlt die Platte (kostet 112.-). Arm ist bald reparaturbeduerftig","Tasche, Spinne, Platte","95","t","0324","61","\n","2003","1790"
"9458","Foto/Videostativ Kompakt","Manfrotto MKC3-H01, kompaktes Foto- und Videostativ","\n","95","t","1519","61","\n","2012","80"
"9459","Foto/Videostativ Kompakt","Manfrotto MKC3-H01, kompaktes Foto- und Videostativ","\n","95","t","1520","61","\n","2012","80"
"9460","Foto/Videostativ Kompakt","Manfrotto MKC3-H01, kompaktes Foto- und Videostativ","\n","95","t","1521","61","\n","2012","80"
"9461","Photoframe 8""","Sony DPF-HD800, bei Diplomaustellung (F.Frei)","Netzteil, Remote, SW, Manual","134","f","1523","80","\n","2012","170"
"9463","Photoframe 10 inch","Sony DPF-HD1000, bei Diplomaustellung (F.Frei)","Netzteil, Remote, SW, Manual","134","f","1524","80","\n","2012","210"
"8924","NTG-3 Set","Rode Richtmikrofon,benoetigt 48V Phantomspeisung, Superniere, 40 Hz - 20 kHz plus viel Zubehoer. Nur an Kompetente!","Mikrofon, Windschutz, Stativklemmen, Korbwindschutz inkl. DeadCat und integr. XLR, Galgen integr. XLR, 2x XLR-Kabel, XLR/Jack-Kabel, Kleinteile, mobiler 2Kanal-Mixer, Tasche","95","f","0766","55","007648 P48","2009","2000"
"9464","FireWire Extension Set","FireWire Verlaengerungen und oder Hubs, FW800 in Tasche","2 x Hub 3Port + Netzteil, 2x FW800 Kabel-Repeater 10m, 2 x FW800-Kabel 1m, FW800-Kabel 4.5m, 3 x FW800 zu Kamera Adapter 4.5m","157","f","1525","44","\n","2012","500"
"9101","Sony NEX - VG10E","Digitale HD-Kamera, Exmor HDV CMOS, 1920 x 1080,incl.Teleobjektiv 18-200mm/F3.5-6.3 InvNr 0517, Weitwinkel E16- F2.8 InvNr 0352, Fotomodus 14Megapix, ","Netzteil, Ladegeraet, 2Akkus(1xNP-FV70,1xNP-FV100), USB-Kabel, Gegenlichtblende, 16 GB SD-Card, Windschutz, Teleobjektiv 18-200mm F3.5-6.3 InvNr 0517, Weitwinkel E16- F2.8 InvNr 0352","95","t","0504","65","21098","2010","2035"
"9465","Firewire-Kabel 800 10m","10 Meter Firewire-Kabel mit Repaeter,","\n","95","t","1526","44","\n","2012","100"
"9267","USB2 HD 1TB","Elements, USB2 HD 1TB, MNo: WDBABV0010BBK-EESN, extern motoco!!","USB-Kabel (A/Micro B)","134","t","0955","52","WXA1A1194691","2011","100"
"8583","Acer TFT 17","17 TFT Acer AL1716","\n","95","t","1307","80","\n","2006","\n"
"7773","Reflektor DL-42 MULTI ( weiss )","Reflektor DL-42 MULTI (weiss)","Tasche","95","t","0715","54","\n","2004","140"
"9043","iPad IHW 16GB","Part.No.: MB292FD/A, IPAD, WI-FI, 16GB-FRD, Diplomausstellung 2012, Ruben","Netzteil/Kabel, Second Skin","134","f","0173","77","GB032UWLZ38","2010","650"
"8605","Airport Extreme IHW 04","Airport Extreme, MN:A1143, A-ID:00:1E:52:7B:E5:DC, E-ID: 00:1F:5B:01:47:0C, diplomausstellung 2012","Netzteil, Manual","95","f","1325","59","6F8102XRYBW","2008","230"
"9005","Toshiba LCD Television","19"" LCD Fernseher, Diplomausstellung 2012, Kiste Gaspard Weissheimer,","Fernbedienung, Manual","134","f","0618","47","A20G84P00872C1","2010","275"
"8527","USB-Maus","USB-Maus mit 3Tasten und Scroll","\n","95","t","1225","72","\n","2007","\n"
"9342","Sony-Kopfhoerer MDR-V150","Diplomausstellung 2012, Kiste Gaspard Weissheimer","Minijack-jack","134","f","1225","69","\n","2011","34.00"
"7974","Thomson","Fernseher Guestewohnung, Diplomausstellung 2012, Kiste Nikualex Mujai,","Stromkabel","134","f","0590","47","\n","2000","\n"
"7978","Daewoo DQD-2100D","Diplomausstellung 2012, Kiste Nikualex Mujai,","Fernbedienung","95","t","0013","46","\n","2000","\n"
"9343","Sony-Kopfhoerer MDR-V150","Diplomausstellung 2012, Kiste Michel Winterberg,","Minijack-jack","134","f","1240","69","\n","2011","34.00"
"8219","HP xp 7010","HP Digitalprojektor max.3500  ANSI Lumen, 1024x768 Echtes XGA, (Lampe 24.02.2012 - 437h, Diplomausstellung 2012, Kiste Michel Winterberg,","Fernbedienung, Netzkabel, VGA- Kabel,","134","f","0988","41","CNP6100036","2006","2292,-"
"9048","iPad IHW 16GB","Part.No.: MB292FD/A, IPAD, WI-FI, 16GB-FRD","Netzteil/Kabel, Second Skin,","134","f","0448","77","GB032V0NZ38","2010","650"
"9456","Kopfhoerer Splitter","4 Kanal Kopfhoerer Splitter, Behringer, Diplomausstellung 2012, Kiste Lea Baltisberger,","Netzteil, 5 Adapter Jack/miniJack, miniJack-Kabel","134","f","1513","42","\n","2012","50"
"7385","Panasonic PT-LC56E","Kleiner LCD-Beamer, Projektionsabstand:1.2m-7.4m, Bildformat:16:9/4:3, 1500 ANSI Lumen, 04.04.2012/1287h, Diplomausstellung 2012, Kiste Lea Baltisberger,","Fernbedienung, Netzkabel, Tasche","134","f","0288","41","SN: SE3260029","2003","1936,05"
"9015","Toshiba","DVD-Player, Diplomausstellung 2012, Kiste Lea Baltisberger,","Fernbedienung,","134","f","0355","46","948E0789PE600","2010","70"
"9180","KINECT","Videointerface auch zur XBOX 360, Diplomausstellung 2012, Kiste Michel Winterberg,","Netzteil, USB-Kabel Verlaengerung, Manual, DVD mit Spieleinfuehrung,","134","f","0442","44","308831504335","2011","169"
"9073","iPad IHW 16GB","Part.No.: MB292FD/A, IPAD, WI-FI, 16GB-FRD, Diplomausstellung 2012, Kiste Michel Winterberg,","Second Skin, Netzteil/Kabel","134","f","0197","77","GB0192TVZ38","2010","650"
"9044","iPad IHW 16GB","Part.No.: MB292FD/A, IPAD, WI-FI, 16GB-FRD, Diplomausstellung 2012, Kiste Ronny Jaeger,","Netzteil/Kabel, Second Skin, Netzteil Lea Baltisberger!!","134","f","0486","77","GB032SGHZ38","2010","650"
"9067","iPad IHW 16GB","Part.No.: MB292FD/A, IPAD, WI-FI, 16GB-FRD, Ecke ul eingedrueckt, Diplomkiste Fabian Zaehner","Netzteil/Kabel, Second Skin,","134","f","1511","77","GB0351ZYZ38","2010","650"
"9045","iPad IHW 16GB","Part.No.: MB292FD/A, IPAD, WI-FI, 16GB-FRD, Diplomausstellung 2012, Kiste Niculin Barandun,","Netzteil/Kabel, Second Skin","134","f","0485","77","GB032U98Z38","2010","650"
"9287","LaCie 1TB USB, FW","1 TB Desktop, USB 3.0, FW 800, extern motoco!!","Netzteil, USB-Kabel, FW-Kabel,","134","f","0102","52","13081105110166EMA","2011","150"
"8493","Sony-Kopfhoerer MDR-V150","Diplomausstellung 2012, Kiste Niculin Barandun,","Minijack-jack","134","f","1222","69","\n","2007","34.00"
"7968","Sony Dynamic Stereo Headphone","Kopfhoerer, Diplomausstellung 2012, Kiste Gaspard Weissheimer","\n","134","f","0381","69","\n","2003","\n"
"7967","Sony-Kopfhoerer MDR-V150","Kopfhoerer, Diplomausstellung 2012, Kiste Gaspard Weisheimer,","\n","134","f","0380","69","\n","2003","\n"
"9013","Toshiba","DVD-Player Diplomausstellung 2012, Kiste Gaspard Weissheimer  ","Fernbedienung,","134","f","0351","46","948E1022PE0600","2010","70"
"9462","Sony-Kopfhoerer MDR-V150","Diplomausstellung 2012 Kiste Niculin Barandun,","Minijack-jack","134","f","1223","69","\n","2007","34.00"
"9340","Sony-Kopfhoerer MDR-V150","Diplomausstellung 2012, Kiste Niculin Barandun,","Minijack-jack","134","f","1175","69","\n","2011","34.00"
"8825","SONY MDR-210LP","leichte Kopfhoerer, Diplomausstellung 2012, Kiste Niculin Barandun,","Minijack-jack","134","f","0122","69","\n","2009","15"
"9466","MOTU MICROBOOK ||","4 Eingaenge ( XLR, Jack, USB ), 2 Ausgaenge, 20-dB-Absenkfunktion und 48-V-Phantomspeisung fuer Kondensatormikrofone,","USB-Kabel, Manual, Software,","133","f","1527","40","\n","2012","250"
"9089","iPad IHW 16GB","Part.No.: MB292FD/A, IPAD, WI-FI, 16GB-FRD, Diplomausstellung 2012","Netzteil/Kabel, Second Skin","134","f","0236","77","GB038JTUZ38","2010","650"
"9467","Kopfhoerer Splitter","4 Kanal Kopfhoerer Splitter, Behringer,","Netzteil, 4 Adapter Jack/miniJack, Jack-Chinch-Kabel","95","t","1528","42","\n","2012","50"
"9469","Kopfhoerer Splitter","4 Kanal Kopfhoerer Splitter, Behringer,","Netzteil, 4 Adapter Jack/miniJack, Jack-Chinch-Kabel","95","t","1530","42","\n","2012","50"
"9470","Kopfhoerer Splitter","4 Kanal Kopfhoerer Splitter, Behringer,","Netzteil, 4 Adapter Jack/miniJack, Jack-Chinch-Kabel","95","t","1531","42","\n","2012","50"
"8828","SONY MDR-210LP","leichte Kopfhoerer, Diplomaustellung 2012 (Jonas)","Minijack-jack","134","f","0124","69","\n","2009","15"
"8829","SONY MDR-210LP","leichte Kopfhoerer, Diplomausstellung 2012 (Jonas)","Minijack-jack","134","f","0083","69","\n","2009","15"
"8862","LG DVX340","DVD-Player, motoco buehne","Fernbedienung, S-Video-Kabel","134","f","0171","46","812INHZ410169","2009","\n"
"8836","LG DVX340","DVD-Player, motoco buehne","Fernbedienung fehlt, S-Video","95","f","0158","46","812INEW406796","2009","\n"
"7345","MacMini Classic","Mac  Mini, 1.25GHz/1GB/40GB/CMD/SD, ModNr.: A1103 , Austellung Motoco","Netzkabel, OS X.5,VGA-DVI-Adapter","134","f","0803","77","VM5120KWRHR","2005","720"
"9457","Kopfhoerer Splitter","4 Kanal Kopfhoerer Splitter, Behringer, Austellung Motoco","Netzteil, 4 Adapter Jack/miniJack, Jack/Chinch-Kabel","134","f","1517","42","\n","2012","50"
"9477","Sony-Kopfhoerer MDR-V150","Austellung Motoco","Minijack-jack","134","f","1534","69","\n","2012","34.00"
"9474","Sony-Kopfhoerer MDR-V150","\n","Minijack-jack","95","f","1535","69","\n","2012","34.00"
"9475","Sony-Kopfhoerer MDR-V150","\n","Minijack-jack","95","f","1536","69","\n","2012","34.00"
"9476","Sony-Kopfhoerer MDR-V150","\n","Minijack-jack","95","f","1537","69","\n","2012","34.00"
"9115","Panasonic PT-FW300E (Mulhouse)","LCD-Beamer Panasonic PT-FW300E, 3500 Ansi, Aufloesung WXGA, Kontrast 600:1, 227h/13.06.12.2011, ab 18.09.2012 in Mulhouse","Netzkabel, Manual, Remote, Kiste, ","134","f","0283","41","SC0520099","2010","3000"
"8720","HP LP3065","HP LP3065 30 Inch LCD, Diplomexpo 2012. Kiste Niculin Barandun,","Fuss, Stromkabel, DVI-Kabel,USB-Kabel,","134","t","1428","80","CZN835A092","2008","1500"
"9472","Sony-Kopfhoerer MDR-V150","upstream!","Minijack-jack","134","f","1532","69","\n","2012","34.00"
"8772","BenQ MP523","BenQ MP523, DLP Beamer, 2000 Ansi Lumen, Kontrast 1600:1, XGA, VGA input, 803h am 12.09.2012","Netzkabel, VGA-Kabel, Quickstart-Guide, Fernbedienung","95","t","0044","41","PDRC800470001","2009","600"
"9468","Kopfhoerer Splitter","4 Kanal Kopfhoerer Splitter, Behringer, upstream!","Netzteil, 3 Adapter Jack/miniJack, J","134","f","1529","42","\n","2012","50"
"9471","Sony-Kopfhoerer MDR-V150","upstream!","Minijack-jack","134","f","1441","69","\n","2011","34.00"
"9319","Canon Powershot G12","Canon Powershot G12, 10MP, JPEG, RAW, QuickTime-Movie, WAV, Zoom 28 bis 140 mm","2. Akku, 32GB SDHC, USB-Kabel, AV-Kabel, Ladegeraet, Tasche, Manual","95","t","1182","48","243051002095","2011","800"
"8572","LaCie d2 HD 320GB","Ext. Harddrive, 320 GB, FW800, FW400, USB2","\n","96","t","1296","52","1224802124435QR","2008","240"
"9260","iPad2 16GB","Part.No.: PC979FD/A WIFI 16GB White, 16GB","Netzteil/ Kabel, Smart Cover, ","95","f","0922","77","DLXFJ8D4DKPH","2011","550"
"8672","HP Compaq Laptop","HP Compaq 6715s, PN:KE009ET#UUZ, Austellung Upstream","3GB RAM, Vista Home, Div SW, Netzteil, Tasche,","95","f","1371","50","CNU8240JZV","2008","700"
"8490","USB Keyboard","Macally iKeySlim USB, Diplomexpo 2012 Kiste Niculin Barandun","\n","134","f","1216","72","\n","2007","30"
"8970","USB-Maus","mit drei Tasten und Scroll, Diplomexpo Kiste Niculin Barandun","\n","134","f","0498","72","\n","2010","\n"
"9478","Thunderbolt / Ethernet Adapter","fuer MB Air","\n","95","f","1539","81","\n","2012","30"
"8561","Kensington MicroSaver","Kabelschloss mit T-Kupplung zum kurzfristigen Sichern der meissten Notebooks, Beamer usw., Masterkey bei rasso Diplomausstellung 2012, Kiste Michel Winterberg","\n","134","f","0436","75","SN: 570009","2004","\n"
"8965","USB-Maus","mit drei Tasten und Scroll, Diplomausstellung 2012, Kiste Michel Winterberg,","\n","134","t","0512","72","\n","2010","\n"
"8497","USB Keyboard","Macally iKeySlim USB, Diplomausstellung 2012, Kiste Michel Winterberg,","\n","134","f","1226","72","\n","2007","30"
"8428","MB (Gast)","MB13/2.16/1GB/160GB/SD/DL, das schwarze! neue Batterie 07.03.2011","Netzteil SN mv7281mhyxx0a, div. Software, Tasche","95","t","1199","77","4H7103TLWGM","2007","1.800"
"7478","Sony DCR-HC1000E","3CCD Handycam, PAL","USB-Kabel,  AV-Kabel, FW-Kabel(4/8), AV/sVideo-Kabel, Netzteil, 3 Akkus, Fernbedienung, 1GB Memorystick, Mikro ECM-HS1","95","t","0702","65","SN: 1074074","2004","1847"
"9480","Nebelmaschine  iFog","zum einnebeln","Kabel-Fernbedienung,","95","f","1541","44","\n","2012","\n"
"8773","BenQ MP523","BenQ MP523, DLP Beamer, 2000 Ansi Lumen, Kontrast 1600:1, XGA, VGA input, 750h/18.09.2012","Netzkabel, VGA-Kabel, Quickstart-Guide, Fernbedienung","95","t","0069","41","PDRC800441001","2009","600"
"9026","MB 13 (Yannick)","13"", 2.4GHz IntelC2Duo, 2X2GB, 250GB, SD, MNr.:A1342","Netzteil, SW","95","t","0338","77","4503515HF5X","2010","1300"
"9455","MBA 13 (Jan Knopp)","MacBook Air 13-inch, Mid 2011, 1.8GHz i7, 4GB","Netzteil (SN:C0612670UE6DCM9AV). SW","95","t","1224","77","C02G46LMDJWR","2011","1600"
"9212"," Apple Wireless Tastatur","Apple Mini Tastatur, Bluetooth,","\n","95","f","0663","72","\n","2010","100"
"8869","Mini-DVI zu VGA Adapter","\n","\n","95","f","0895","81","\n","2008","25"
"9481","Mini-DVI zu VGA  Adapter ","Mini-DVI zu VGA Adapter","\n","95","f","1545","81","\n","2012","30"
"9482","Mini-DVI zu VGA  Adapter ","Mini-DVI zu VGA Adapter","\n","95","f","1544","81","\n","2012","30"
"8841","BenQ MP523","BenQ MP523, DLP Beamer, 2000 Ansi Lumen, Kontrast 1600:1, XGA, VGA input, 1001h am 20.09.2012,","Netzkabel, VGA-Kabel, Quickstart-Guide, Fernbedienung","95","t","0167","41","PDP4900776001","2009","600"
"9448","Airport Extreme","Airport Extreme, MN:A1143, A-ID:00:1E:52:7B:E5:DC, E-ID: 00:1F:5B:01:47:0C, ","Netzteil","95","f","1515","59","6F81022CYEW","2008","230"
"8647","CANON HF10 HD ","Digitale HD-Videokamera, 12xoptischer Zoom, 1/3,2ZollCMOS, 3.3Megapix, 16GB Flash-Speicher Kamera ","Netzteil, USB-kabel, AV-Kabel, (Software im Lager), Mikrofon 0799","95","f","1354","65","763642202677","2008","1200"
"9118","Panasonic PT-FW300E (Mobile)","LCD-Beamer Panasonic PT-FW300E, 3500 Ansi, Aufloesung WXGA, Kontrast 600:1, 283h/26.09.2012","Netzkabel, Manual, Remote, VGA/DVI-Kabel,","95","f","0278","41","SC0520125","2010","3000"
"9443","Apple USB-Tastatur","Apple USB-Tastatur, ","\n","122","t","0960","72","KY52403VCQBB","2005","\n"
"9318","Samsung SyncMaster P2450","24"" LED Monitor 1080p Full HD, VGA, DVI, HDMI,","Stromkabel, VGA-Kabel,","95","f","1159","80","003H9MZA00431V","2011","380"
"9333","mitsubishi wd500u","DLP, 2100 Ansi Lumen, WXGA, SXGA, kein Zoom, Kurzdistanz-Beamer (0.549:1) Motocokiste","Fernbedienung, Stromkabel, VGA-Kabel","134","t","1238","41","\n","2008","\n"
"8295","HP Scanjet 4370","Flachbildscanner 3.600dpi,bis zu 3.600x7.200dpi Hardware-Aufloesung,48Bit,mit integriertem Durchsichtaufsatz fuer Dias und Negative","Netzkabel,Netzteil,USB-Kabel,Software","95","f","1031","60","CN64VA24JO","2006","CHF 132"
"7887","Office 100, Endziffer 38 (Ralf Neubauer)","+41 61 269 9238 defekt!","Netzteil Basisstation","109","f","1376","62","\n","2008","\n"
"7888","Office 100, Endziffer 34 ( Ralf Neubauer)","+41 61 269 9234 Telefon 38 ist umgestellt auf 34!! ","Netzteil Basisstation","95","t","1375","62","\n","2008","\n"
"8375","Canon EOS 400D Kamera-Set","Canon EOS 400D, 10MP,  Objektiv EF-S 18-55mm, 2.5DP, CF/MD 1GB ","Ladegeraet, 4Akkus, USB-Kabel, AV-Kabel, Manual, 8GB CF, Objektivdeckel, Gurt, Manfrotto Dreibeinstativ  7322YB, 35 bis 142 cm, max. 3,5 kg, Kugelgelenk, Foto-Rucksack","95","t","1112","48","210630320447","2006","1200 / 120"
"9149","MS LifeCam Cinema","Microsoft LifeCam Cinema, HD Bildsensor, 16:9-Format, 720p-Aufloesung (1280x720) Mauro im Laser verbaut!","\n","134","f","0320","67","\n","2010","60"
"8680","ACER P7280","4500 / 3600 ANSI-Lumen im Eco Mode, XGA, Kontrast 2300:1, 604h/05.01.2012 ","Fernbedienung, Netzkabel, VGA-Kabel,  S-Videokabel","95","t","1393","41","EYJ6401009817001CE5911","2008","1700"
"8840","BenQ MP523","BenQ MP523, DLP Beamer, 2000 Ansi Lumen, Kontrast 1600:1, XGA, VGA input, 659h/05.10.2012","Netzkabel, VGA-Kabel, Quickstart-Guide, Fernbedienung","95","t","0159","41","PDP4900767001","2009","600"
"8838","BenQ MP523","BenQ MP523, DLP Beamer, 2000 Ansi Lumen, Kontrast 1600:1, XGA, VGA input, 659h am 05.10.2012, ","Netzkabel, VGA-Kabel, Quickstart-Guide, Fernbedienung","95","f","0136","41","PDP4900779001","2009","600"
"8771","BenQ MP523","BenQ MP523, DLP Beamer, 2000 Ansi Lumen, Kontrast 1600:1, XGA, VGA input, 769h am 05.10.2012","Netzkabel, VGA-Kabel, Fernbedienung","95","t","0018","41","PDRC800519001","2009","600"
"8706","Sony HDR-HC9E","HDV1080i, HDV/DV,10xoptisch, 20xDIGITAL-ZOOM/CMOS","Netzteil, 2Akkus, Fernbedienung, Weitwinkel-Objektiv, AV-Kabel, Komponetenvideo-Kabel, Firewire-Kabel, USB-Kabel, Gegenlichtblende, Manual, Software, 8GB Memory Stick","95","t","1415","65","139442","2008","1300"
"9162","Galaxy Tab","Samsung Galaxy Tab P1000, 16 GB, 7 Zoll Display, WiFi, 3G, 3MP, Android 2.2, 1GHz Prozessor, Flash, hat einen Sprung - leon hats fallen lassen..","Power Adapter, Datenkabel, Stereo Headset, Manual","95","t","0192","62","R1YZB37469K","2010","750"
"9273","Acer H5360","Acer H5360, DLP,  2500 ANSI Lumen, 4:3/16:9,  WXGA (1280x720), S-Video in, VGA in, HDMI in, Component in, Composit in, 3D-ready, HD-ready, MNrH7P0901, 423h/11.10.2012","Netzkabel, VGA-Kabel, Fernbedienung, Tasche","95","t","0005","41","EYK070113030006B25901","2011","750"
"9309","Mobile Leinwand gross (Mulhouse)","Mobiler Screen, Frontprojektion, 325/240cm (4/3 - 159""), Gain 1 (diffuse Reflektion) - Achtung: schwer und empfindlich!","Tasche, Gestaenge, Leinwand","134","f","1023","44","\n","2011","1500"
"9445","Mobile Leinwand mittel","Mobile Leinwand, 16:9, 244x137cm","Flightcase, Rahmen, Standbeine, 8Schrauben, Leinwand, Manual,","95","t","1505","44","\n","2012","1000"
"9322","iCube 55","Netzunabhaengiges Partygeraet fuer iPod usw, 50W,  Mic in, Aux in, iPod in, Rec out, 10 Kg, Raeder und Rollgriff, ist in Muoehouse","Stromkabel","134","f","1233","42","\n","2011","200"
"7760","PMG4 (Disc Publisher 2)","Rechner zu Disc Publisher 2, Standort Videoschnittraum BSH 3.OG, PMG4, DualProz, 1GHZ, 2GB, USB2","div. Programme, Apple Studio Display InvNr: 0077","95","f","0068","77","SN: CK241HHHNLA","2000","\n"
"9301","10 meter VGA-Kabel","10 meter VGA-Kabel","\n","98","f","0057","44","\n","2011","20"
"8993","iMac 27","iMac 27-inch 2.8GHz Quad-Core Intel Core i7 16GB/1TB/ATI Radeon HD 4850 512MB fuer 3D Entwicklung, PartNo.:Z0GF000M9, ModNr.: A1312, AppleCare: S2511ZM/A","Tastatur, Maus","113","f","0578","77","VM023LJ85RU","2010","3650"
"7987","Unomat Ladegeraet","Universal Ladeger&#195;&#164;t f&#195;&#188;r 3,6V und 7,2V Li-Ion Akkus inkl. 2 Adapterplatten, geeignet f&#195;&#188;r Sony/ Panasonic/ Canon JVC/ Sharp Akkus und baugleiche","\n","95","f","0261","74","\n","2000","\n"
"8361","MacPro/CTO","MacPro, ModNr: A1186, 2x2GHz/8GB/7300GT/2x250GB ","OSX, Final Cut Studio, LogicPro, QTPro","95","f","1096","77","CK6490AEUPZ","2006","3100"
"9479","USB Ethernet Adapter","fuer MB Air","\n","95","f","1540","81","\n","2012","30"
"9385","MBA 13 (Max)","MacBook Air, 1.7HGz DualCore i5, 4GB, 256GB, MNr	A1369, MAC: 68:A8:6D:02:3F:DA","Minidisplay/DVI Adapter, Minidisplay/VGA Adapter, USB/Ethernet Adapter, Netzteil, Ext. SD-Laufwerk (1392)","95","f","1344","77","C02GQ0AEDJWR","2011","1530"
"9061","iPad IHW 16GB","Part.No.: MB292FD/A, IPAD, WI-FI, 16GB-FRD, ","Netzteil/Kabel, Second Skin,","95","f","0451","77","GB032S9WZ38","2010","650"
"8975","iPad IHW 16GB","Part.No.: MB292FD/A, IPAD, WI-FI, 16GB-FRD, ,","Second Skin, Netzteil/Kabel","95","f","0179","77","GB0192X9Z38","2010","650"
"9046","iPad IHW 16GB","Part.No.: MB292FD/A, IPAD, WI-FI, 16GB-FRD, Diplomausstellung 2012, Kiste..??","Netzteil/Kabel, Second Skin,","134","f","0484","77","GB032WBSZ38","2010","650"
"9065","iPad IHW 16GB","Part.No.: MB292FD/A, IPAD, WI-FI, 16GB-FRD, WLAN-Adresse: D8:A2:5E:30:04:EF","Netzteil/Kabel, Second Skin,","95","f","0181","77","GB0351ZVZ38","2010","650"
"9087","iPad IHW 16GB","Part.No.: MB292FD/A, IPAD, WI-FI, 16GB-FRD, WLAN-Adresse:C8:BC:C8:44:24:9D","Netzteil/Kabel, Second Skin,","95","f","0234","77","GB038K69Z38","2010","650"
"9058","iPad IHW 16GB","Part.No.: MB292FD/A, IPAD, WI-FI, 16GB-FRD, WLAN-Adresse: D8:A2:5E:66:55:C2","Netzteil/Kabel, Second Skin,","95","t","0409","77","GB032WBHZ38","2010","650"
"9059","iPad IHW 16GB","Part.No.: MB292FD/A, IPAD, WI-FI, 16GB-FRD, WLAN-Adresse: D8:A2:5E:68:9F:E5","Netzteil/Kabel, Second Skin","95","t","0455","77","GB032UB5Z38","2010","650"
"9086","iPad IHW 16GB","Part.No.: MB292FD/A, IPAD, WI-FI, 16GB-FRD, WLAN-Adresse: C8:BC:C8:48:91:5A","Netzteil/Kabel, Second Skin,","95","t","0233","77","GB038K4SZ38","2010","650"
"9066","iPad IHW 16GB","Part.No.: MB292FD/A, IPAD, WI-FI, 16GB-FRD, WLAN-Adresse: C8:BC:C8:1A:85:90,","Netzteil/Kabel, Second Skin,","95","t","0186","77","GB0358JTZ38","2010","650"
"9088","iPad IHW 16GB","Part.No.: MB292FD/A, IPAD, WI-FI, 16GB-FRD, WLAN-Adresse: C8:BC:C8:47:78:94","Netzteil/Kabel, Second Skin,","95","t","0235","77","GB038JAMZ38","2010","650"
"9053","iPad IHW 16GB","Part.No.: MB292FD/A, IPAD, WI-FI, 16GB-FRD, WLAN-Adresse: C8:BC:C8:47:78:94","Netzteil/Kabel, Second Skin","95","t","0413","77","GB032GW9Z38","2010","650"
"9208","MacMini Aluminium","MacMini Intel Core2Duo 2.66/2x4GB/500GB/SD/SM ModNr:A1347,Mac-Adresse: 10:9a:dd:b2:42:55, PartNr:Z0H5000DQ, AID:10:9A:DD:B2:42:55, EID:10:9A:DD:5F:29:45, BID:10:9A:DD:B2:31:D8","Netzkabel, Software, Adapter HDMI-DVI, OSX, WIN7 Incl Rhino)","95","f","0635","77","C07F30HQD6L","2011","600"
"9209","MacMini Aluminium","MacMini Intel Core2Duo 2.66/2x4GB/500GB/SD/SM ModNr:A1347, PartNr:Z0H5000DQ, Mac-Adresse: 10:9a:dd:60:cc:be AID:10:9A:DD:B6:BA:C5, EID:10:9A:DD:60:CC:BE, BID:10:9A:DD:B6:B0:CA","Netzkabel, Software, Adapter HDMI-DVI, OSX, WIN7 Incl Rhino)","95","t","0647","77","C07F409JDD6L","2011","600"
"8643","MacMini Intel"," MacMini, MNr: A1176, Intel Core 2 Duo, 2GHz, 2GB, 120GB, SD, AP, BT,Mac-Adresse: 00:1f:5b:3e:c7:3b, fuer Workshops vorgesehen","MacOSX10.6, WIN Partition XP, div Software, Netzteil, DVI-VGA Adapter","95","t","1353","77","YM8070J2YL2","2008","1000"
"9484","MBA 13 (Mischa)","MacBook Air, 2GHz DualCore i7, 8GB, 500GB, MNr A1466,Mac-Adresse: 7c:d1:c3:eb:ef:e7","Netzteil, AppleCare 3Jahre","95","f","1542","77","C02GQ0AEDJWR","2012","2350"
"9323","iPad2 64GB","Model A1395, WIFI, 64GB, Ecke or und ul beschaedigt, Abschaltknopf defekt","Netzteil/ Kabel, Smart Cover","95","f","1250","77","DLXFM8VJDKPK","2011","\n"
"8645","MacPro","MacPro3.1/2.8GHz/8GB/300GB/80GB/DVD-RW/ATI Radeon HD 2600, Mac-Adresse: 00:1f:5b:33:63:30 00:1f:5b:33:63:31","Div. SW, OS X.5, WIN XP SP3","95","f","1270","77","CK8190QK1Z9","2008","4000"
"8389","MacPro","MacPro1.1/2.66GHz/10GB/7300GT/2TB/SD, ModNr.:A1186,  Mac-Adresse:    00:17:f2:04:6f:f8 00:17:f2:04:6f:f9","4 x 500GB","95","f","1125","77","ck6510meupz","2006","5100"
"8640","MacMini Intel","MacMini, MNr: A1176, Intel Core 2 Duo, 2GHz, 2GB, 120GB, SD, AP, BT, Mac-Adresse:00:1f:5b:3e:b5:0a, fuer Workshops vorgesehen,","MacOSX10.6, WIN Partition XP, div Software, Netzteil, DVI-VGA Adapter","95","t","1349","77","YM8070HXYL2","2008","1000"
"8642","MacMini Intel"," MacMini, MNr: A1176, Intel Core 2 Duo, 2GHz, 2GB, 120GB, SD, AP, BT, Mac-Adresse:00:1f:5b:3e:b5:55, fuer Workshops vorgesehen","MacOSX10.6, WIN Partition XP, div Software, Netzteil, DVI-VGA Adapter","95","t","1351","77","YM8070K4YL2","2008","1000"
"8916","MacMini Intel"," MacMini, MNr: A1176, Intel Core 2 Duo, 2GHz, 2GB, 120GB, SD, AP, BT,Mac-Adresse: 00:1f:f3:c4:e6:29","MacOSX10.6, WIN Partition XP, div Software Netzteil, DVI-VGA Adapter","95","t","0953","77","YM8184llY2","2009","1000"
"8478","MB 13 (ElenaMores)","2.16GHz, IntelCore2Duo, 1GB667, DDR2/SDRAM-2x512, 120GB-HD, Superdrive6x, Mac-Adresse: 00:1b:63:c9:2b:4f","VGA/DVI-Adapter, Fernbedienung, Netzteil/Seriennummer: MV7281MKGXX08","120","f","1206","77","W8728EFHYH3","2007","\n"
"8425","iMac Intel 24","iMac24 Intel Core2 Duo/2,16GHz/2.0GB/ 4MB L2-Cache,667MHz frontside bus, 2x512MB RAM,nVidia, GeForceGT(7300128M)8xDVD+/-, RW SuperDrive, Bluetooth2.0, Airport Extrem, FW400,FW800, 3xUSB 2.0, 1xMiniDVI, Mac-Adresse: 00:17:f2:97:14:13","OSX 10.6.4, diverse Programme","95","f","1155","77","W86392QDWYG","2007","2755"
"8945","MB Gast","13"",2.26GHzIntelC2Duo,2x2GB,250GB/SD, ModNr.: A1342, Mac-Adresse: 58:b0:35:63:50:fc","Netzteil","95","f","0734","77","450133ZA8PX","2010","1250"
"8995","iPad IHW 16GB","Part.No.: MB292FD/A, IPAD, WI-FI, 16GB-FRD. WLAN-Adresse: D8:30:62:77:85:C5","Netzteil/Kabel, Second Skin,","95","t","0581","77","V5022APMZ38","2010","650"
"9056","iPad IHW 16GB","Part.No.: MB292FD/A, IPAD, WI-FI, 16GB-FRD, WLAN-Adresse: D8:A2:5E:6A:7A:D2","Netzteil/Kabel, Second Skin,","95","t","0466","77","GB032T3TZ38","2010","650"
"9049","iPad IHW 16GB","Part.No.: MB292FD/A, IPAD, WI-FI, 16GB-FRD, missing 24.10.12 - moeglich Dipolmexpo 2012,","Netzteil/Kabel, Second Skin,","122","f","0176","77","GB032TA6Z38","2010","650"
"9042","iPad IHW 16GB","Part.No.: MB292FD/A, IPAD, WI-FI, 16GB-FRD, missing 24.10.12 - moeglich Dipolmexpo 2012","Netzteil/Kabel, Second Skin,","122","f","0174","77","GB032T0ZZ38","2010","650"
"9051","iPad IHW 16GB","Part.No.: MB292FD/A, IPAD, WI-FI, 16GB-FRD,missing 24.10.12 - moeglich Dipolmexpo 2012,","Netzteil/Kabel, Second Skin,","122","f","0419","77","GB032VZ6Z38","2010","650"
"8996","iPad IHW 16GB","Part.No.: MB292FD/A, IPAD, WI-FI, 16GB-FRD,WLAN-Adresse:D8:A2:5E:1B:13:26,","Netzteil/Kabel, Second Skin","95","t","0586","77","GB0253CKZ38","2010","650"
"8911","AKG C1000 S MKIII","AKG C1000 S MKIII","Halter, Koffer, Windschutz,","95","t","0913","55","\n","2009","250"
"8337","IBM-Laptop (easy-key Rechner)","IBM R40e  Laptop,Mac-Adresse:00:06:18:D2:06:EF","Netzteil, Windows XP, MS-Office","95","f","1073","50","KBGR796 310","2005","\n"
"9080","Netbook HP","Netbook fuer handprinter, Mac-Adresse: 00:21:CC:55:EC:8C","SW Printer","95","f","1538","50","\n","2010","74"
"9483","Soundbox","Netzunabhaengiges Partygeraet fuer iPod usw,Mic in, Aux in, iPod in, Rec out, 15 Watt RMS, 19 kg,","Stromkabel, Mikrofon, XLR-jack-Kabel,","95","t","1543","42","\n","2012","235"
"9311"," 3D Rechner","3D Rechner, Intel X58/intel i7/2x12GB/2TB/2x ASUS GTX/128GB SSD, Physikalische Adresse: BC:AE:C5:36:6F:B4","\n","95","f","1024","50","\n","2011","2300"
"9176","acer pew76 - tryplex Segelplotter","15"" Notebook, P/N:LXR4402.110, MODEL: PEW76, AMD ll X2 P340 / 15"" / ATIHD4250 / 4Gb / 250GB / DVD-Multi / Cardreader / WLAN / Webcam","MS WIN7 home 64bit, CS4, Rhino4, Kabelschloss InvNr. 1235","116","f","0505","50","LXR440211004404CEF1601","2011","600"
"7553","Epson Stylus Pro 4000","A3  Bubblejet Farbdrucker","Untergestell","144","f","0745","45","E290018667","2004","3265"
"9247","Theaterspot Bambino 500","Theaterspot Bambino 500, 500W Type GY 9.5 Tungsten Halogen, Lichtkiste 02","\n","95","t","0873","54","\n","2010","\n"
"9248","Theaterspot Bambino 500","Theaterspot Bambino 500, 500W Type GY 9.5 Tungsten Halogen, Lichtkiste 02","\n","95","t","0874","54","\n","2010","\n"
"9246","Theaterspot Bambino 500","Theaterspot Bambino 500, 500W Type GY 9.5 Tungsten Halogen, Lichtkiste 02","\n","95","t","0867","54","\n","2010","\n"
"8230","Benq T906  ","TFT LCD 19","\n","122","t","0970","80","\n","2006","350"
"8227","Benq T906 ","TFT LCD 19 zoll, zuletzt bei Lea Baltisberger (2012)","\n","122","f","0997","80","\n","2006","350"
"8641","MacMini Intel"," MacMini, MNr: A1176, Intel Core 2 Duo, 2GHz, 2GB, 120GB, SD, AP, BT, zuletzt bei Niculin Barandun (2012)","MacOSX10.6, WIN Partition XP, div Software, Netzteil, DVI-VGA Adapter","122","f","1350","77","YM8070HVYL2","2008","1000"
"7472","Philips 170S5FS","17 Zoll TFT Monitor, ModNr.:170S5FS, zuletzt bei Niculin Barandun (2012)","Stromkabel,VGA-kabel","122","f","0800","80","VN4J0507216664","2005","340"
"8231","Benq T906  ","TFT LCD 19, zuletzt bei Niculin Barandun (2012)","\n","122","f","1001","80","\n","2006","350"
"8169","Philips 190S6FG ","19 Zoll TFT Philips 190S6FG, XVGA analog, zuletzt bei Peter Bichsel (2012)","\n","122","f","0389","80","BZ000604118856","2006","395"
"8760","PC 1036","2.22GHz, 3, 4 GB RAM, 500GB, zuletzt bei Peter Bichsel (2012)","\n","122","f","0981","50","55375-640-2673064-23028","2009","700"
"8799","DELOCK","Kabelschloss mit T-Kupplung zum kurzfristigen Sichern der meissten Notebooks, Beamer usw.,","2 Schluessel","122","f","1245","75","353","2009","\n"